spectrum_lambda,seed,method,noise_bin,sigma,n,score_error,unweighted_score_error,reference_error,relative_to_gaussian,dsm_pixel_mean,frequency_band_0,frequency_band_1,frequency_band_2,frequency_band_3
0.0,42,fourier_gaussian,0,0.12079870700836182,2048,0.030764004045061154,2.108231452648122,0.03565451925436876,0.8628360356111556,0.9766203347497189,0.0321405528972205,0.030270401438761845,0.030922004848936896,0.03027987850152969
0.0,42,fourier_gaussian,1,0.17627345025539398,2048,0.06021652210071611,1.93794683325073,0.07062852952278358,0.8525807135952232,0.9613910621134805,0.06318053147659483,0.058994117002449734,0.060594596749095744,0.05931473283937849
0.0,42,fourier_gaussian,2,0.25722402334213257,2048,0.110690262182645,1.6729631011970332,0.1303109032261315,0.8494320846703183,0.9221899839572494,0.11244005188208568,0.1092006679442995,0.1116266342797559,0.10882891862870661
0.0,42,fourier_gaussian,3,0.37534967064857483,2048,0.18174985249930672,1.290036471820599,0.2130675386971535,0.8530152157886397,0.8410240327485289,0.19746153870369124,0.17671963441746305,0.18263939455992226,0.17860325563560123
0.0,42,fourier_gaussian,4,0.547722578048706,2048,0.24508752247815513,0.8169583469768744,0.2890845317855631,0.8478057299169365,0.7246591633034873,0.25804342185432527,0.2391599896615295,0.2475110197867983,0.23927220244385433
0.0,42,fourier_gaussian,5,0.7992547750473022,2048,0.2571057097966022,0.402477162368208,0.30466454971205226,0.8438976902288127,0.5600427665203359,0.2725195031804446,0.24785557348131415,0.25997302129998434,0.2541551123533138
0.0,42,fourier_gaussian,6,1.166298747062683,2048,0.21492991862075794,0.1580073378799879,0.2504236771564499,0.8582651651045058,0.3866052851173686,0.23119807398983783,0.21185926713672862,0.21420581847057538,0.21408647995467753
0.0,42,fourier_gaussian,7,1.7019013166427612,2048,0.11519803778583321,0.039771899480025484,0.13086405695532416,0.8802878381277818,0.24072128317226388,0.1217330289783882,0.11174764264507114,0.11590003138675303,0.11504954710340483
0.0,42,fourier_gaussian,8,2.4834699630737305,2048,0.027196665065788328,0.0044095861261759526,0.030352925026432047,0.8960146358910988,0.13628378606155356,0.02857036878286151,0.02617398895388176,0.027414893045709647,0.02742717038665661
0.0,42,scalar_normalized,0,0.12079870700836182,2048,0.026838751965272026,1.839237212429498,0.03565451925436876,0.7527447439074212,0.9733214523650235,0.026310782652546084,0.026558518224770893,0.02721794864256587,0.026197740785678394
0.0,42,scalar_normalized,1,0.17627345025539398,2048,0.051607786074143944,1.66089209579706,0.07062852952278358,0.7306931975342363,0.9525624681116289,0.050542065986062534,0.05114013522449569,0.0522785489678285,0.0504972389240889
0.0,42,scalar_normalized,2,0.25722402334213257,2048,0.0939517301038729,1.419978367185091,0.1303109032261315,0.7209813436780212,0.9053350642167981,0.0907668601492571,0.09414889718849312,0.0951167561030109,0.09096937370925783
0.0,42,scalar_normalized,3,0.37534967064857483,2048,0.15313020435649632,1.0868979855594398,0.2130675386971535,0.7186932617368339,0.8114934940147218,0.15465988859219254,0.14973071089461013,0.15511808038823488,0.15081416981567258
0.0,42,scalar_normalized,4,0.547722578048706,2048,0.2061668101326953,0.6872226488907209,0.2890845317855631,0.7131713649958469,0.6860410560052902,0.20220066834533515,0.20188722919215177,0.20946370072265458,0.2035234461245712
0.0,42,scalar_normalized,5,0.7992547750473022,2048,0.21780396785713432,0.3409536217808038,0.30466454971205226,0.7148976409069827,0.5197126616659103,0.21303106688435722,0.21071616983688765,0.2226050553388345,0.21491866772491497
0.0,42,scalar_normalized,6,1.166298747062683,2048,0.18415593251127704,0.13538361172627977,0.2504236771564499,0.7353774794874021,0.3544985195928536,0.18379676308160073,0.1841207769759341,0.18461927336579306,0.18266757102909065
0.0,42,scalar_normalized,7,1.7019013166427612,2048,0.10111924729259146,0.03491122432392131,0.13086405695532416,0.7727045121878858,0.2268779363889848,0.10024657527692767,0.09863017299694203,0.10260904134612231,0.10040097518022047
0.0,42,scalar_normalized,8,2.4834699630737305,2048,0.024262079825310527,0.0039337812313041285,0.030352925026432047,0.7993325125727597,0.13374819754715211,0.0238707587790136,0.023535811214500185,0.02461220131163636,0.024447943433018544
0.0,42,score,0,0.12079870700836182,2048,0.006460912558677971,0.4427609308938731,0.03565451925436876,0.18120879747625018,0.9537778524769106,0.006301218774418679,0.006536551193217801,0.00641750522405184,0.006579145908227718
0.0,42,score,1,0.17627345025539398,2048,0.012485337516428888,0.40181530679504573,0.07062852952278358,0.1767747056435789,0.913619168579137,0.012622361406277639,0.01265426855456414,0.01234257219598735,0.012648226942607182
0.0,42,score,2,0.25722402334213257,2048,0.02328733152237189,0.3519627254833535,0.1303109032261315,0.17870593285629252,0.833992979415366,0.02292531871737969,0.023509746094808784,0.023200980067928333,0.02341926266871102
0.0,42,score,3,0.37534967064857483,2048,0.04181585293080162,0.2968034066560034,0.2130675386971535,0.19625632879834012,0.7001836661985102,0.0437186303304329,0.041964256977398126,0.04132902919067374,0.04233403686642908
0.0,42,score,4,0.547722578048706,2048,0.0621962879860542,0.20732094440145712,0.2890845317855631,0.21514913856473689,0.540259360469483,0.06170018022003561,0.06236672104652089,0.06198075411773327,0.06298315036222513
0.0,42,score,5,0.7992547750473022,2048,0.07075035927710366,0.11075368128116235,0.30466454971205226,0.23222379940157784,0.3732345925732853,0.07373066829547098,0.06987353597285186,0.07020096155582521,0.07272893153262143
0.0,42,score,6,1.166298747062683,2048,0.08238584893487746,0.060566573293838244,0.2504236771564499,0.32898586056384616,0.25338855759624684,0.08249606160193305,0.08337219909139015,0.08154797412611905,0.08373641311913357
0.0,42,score,7,1.7019013166427612,2048,0.07776285002166983,0.02684747339266305,0.13086405695532416,0.5942261903756918,0.20369493059505597,0.07996794286490003,0.07732105211662918,0.07758653122020526,0.0779893101899248
0.0,42,score,8,2.4834699630737305,2048,0.09690663667705639,0.01571215292727418,0.030352925026432047,3.1926622094136823,0.20742295550484208,0.09742413268504575,0.09846077338261097,0.09600080588902728,0.09727825661751971
0.0,42,fourier_normalized,0,0.12079870700836182,2048,0.026838764437857238,1.839238067165325,0.03565451925436876,0.7527450937252135,0.9733214465119779,0.026310785710985336,0.026558536687258362,0.027217958777505567,0.02619775667073481
0.0,42,fourier_normalized,1,0.17627345025539398,2048,0.0516077961801714,1.6608924210390905,0.07062852952278358,0.7306933406212797,0.9525624749436974,0.05054207656047133,0.05114013281586323,0.052278565627640716,0.050497246259446356
0.0,42,fourier_normalized,2,0.25722402334213257,2048,0.09395175318068609,1.4199787159660606,0.1303109032261315,0.720981520768446,0.9053350737683874,0.09076688517437285,0.09414891706139727,0.09511677724220943,0.0909694087193965
0.0,42,fourier_normalized,3,0.37534967064857483,2048,0.1531302331528934,1.0868981899524668,0.2130675386971535,0.7186933968883321,0.8114935298387567,0.15465995959472867,0.14973074186773644,0.15511810343738094,0.15081419300631105
0.0,42,fourier_normalized,4,0.547722578048706,2048,0.20616686985983687,0.6872228479811779,0.2890845317855631,0.7131715716037245,0.6860411194109943,0.2022006958694293,0.20188727267299333,0.20946376551770024,0.20352353347919008
0.0,42,fourier_normalized,5,0.7992547750473022,2048,0.217804053414956,0.34095375571431047,0.30466454971205226,0.714897921733294,0.5197127426874137,0.21303122952832676,0.21071623874275267,0.22260513387301736,0.2149187665943242
0.0,42,fourier_normalized,6,1.166298747062683,2048,0.18415606492772568,0.13538370907322278,0.2504236771564499,0.7353780082570861,0.35449865085010823,0.1837969743804428,0.18412093226853876,0.18461938208296527,0.1826677084838657
0.0,42,fourier_normalized,7,1.7019013166427612,2048,0.10111935527066607,0.034911261603142486,0.13086405695532416,0.772705337304248,0.22687802812237345,0.10024668956322662,0.09863028464822114,0.10260914325138397,0.10040109606532255
0.0,42,fourier_normalized,8,2.4834699630737305,2048,0.024262091694058893,0.003933783155667575,0.030352925026432047,0.7993329035976232,0.13374821079380095,0.023870770937095685,0.02353582575993203,0.024612210994367913,0.024447958640763306
0.0,42,scalar_gaussian,0,0.12079870700836182,2048,0.030763893529301225,2.108223879095578,0.03565451925436876,0.8628329359827708,0.9766202685550124,0.03214039924734579,0.030270299284245905,0.030921899497156107,0.03027975757636751
0.0,42,scalar_gaussian,1,0.17627345025539398,2048,0.06021630240135725,1.9379397626717274,0.07062852952278358,0.8525776029632967,0.9613908760404435,0.06318035614554585,0.058993893569395106,0.060594377635850585,0.05931449291443261
0.0,42,scalar_gaussian,2,0.25722402334213257,2048,0.11068989473127185,1.6729575475685872,0.1303109032261315,0.8494292648650369,0.9221896157537284,0.11243959962121444,0.10920033789781876,0.11162626204631933,0.10882854986170765
0.0,42,scalar_gaussian,3,0.37534967064857483,2048,0.18174920894478294,1.2900319039555037,0.2130675386971535,0.8530121953636246,0.8410234388523343,0.19746099618103935,0.17671902288961713,0.18263874786757497,0.1786025108699432
0.0,42,scalar_gaussian,4,0.547722578048706,2048,0.2450867649707455,0.816955821952365,0.2890845317855631,0.8478031095504819,0.724658293556627,0.2580425030676804,0.2391593645465063,0.24751028110531578,0.23927122805160841
0.0,42,scalar_gaussian,5,0.7992547750473022,2048,0.2571051085283609,0.4024762211338193,0.30466454971205226,0.8438957166869554,0.5600421839767878,0.2725189013907603,0.24785496544113145,0.259972436499415,0.2541544612025648
0.0,42,scalar_gaussian,6,1.166298747062683,2048,0.21492941787502137,0.15800696975301284,0.2504236771564499,0.858263165510289,0.38660483466081325,0.23119760762570882,0.2118586945494752,0.214205344154071,0.21408598798253414
0.0,42,scalar_gaussian,7,1.7019013166427612,2048,0.115197946582489,0.039771867992247495,0.13086405695532416,0.880287141195818,0.2407212084566018,0.12173287401507768,0.11174758302840992,0.11589995228684238,0.11504938944407862
0.0,42,scalar_gaussian,8,2.4834699630737305,2048,0.027196648302151384,0.004409583408169877,0.030352925026432047,0.8960140836004404,0.1362837744742967,0.028570313837021116,0.026173967537915205,0.027414885825035176,0.027427147054971544
0.5,42,fourier_gaussian,0,0.12079870700836182,2048,0.035372724346850716,2.424063198166649,0.044366983209387076,0.7972758521784422,0.974843512796996,0.0098934933714385,0.0242024485734565,0.04160858586871915,0.04582842162549985
0.5,42,fourier_gaussian,1,0.17627345025539398,2048,0.06640934716191514,2.137250368186762,0.08511306883112958,0.7802485337906925,0.9416417849278034,0.0191278335962241,0.047434603306387095,0.07773161999553588,0.08363670195900394
0.5,42,fourier_gaussian,2,0.25722402334213257,2048,0.11732198197766908,1.773194343727171,0.15117079354938107,0.77608894696544,0.8901763886635522,0.03877274823233036,0.08886230582312099,0.13594632996893055,0.14119677703284397
0.5,42,fourier_gaussian,3,0.37534967064857483,2048,0.17727101378718707,1.2582462656081432,0.23038681854924384,0.7694494628793028,0.7985384643703548,0.07723266026667622,0.14829172303331573,0.1999902753952414,0.19853829434170367
0.5,42,fourier_gaussian,4,0.547722578048706,2048,0.22083203266022833,0.7361067203154883,0.2866495670568944,0.7703902536032696,0.6596538653948772,0.13503762169578928,0.20833847741215597,0.2386389880199585,0.22343563894473162
0.5,42,fourier_gaussian,5,0.7992547750473022,2048,0.2233887516175934,0.3496961266521574,0.2857563444076491,0.7817455534737509,0.5045847851966174,0.20588530713970693,0.2407754553950254,0.2246748402452745,0.1973446347964114
0.5,42,fourier_gaussian,6,1.166298747062683,2048,0.17991960601610674,0.1322692446051838,0.2235586551393334,0.804798212370581,0.3419269368309944,0.23881630351445432,0.2105895812588398,0.16717146898200955,0.14083444688097776
0.5,42,fourier_gaussian,7,1.7019013166427612,2048,0.09205693690755462,0.03178247921143468,0.11239787459040144,0.8190273814609667,0.21686619453329148,0.1676304964005984,0.1134761824043486,0.0781654507081559,0.06447191528151389
0.5,42,fourier_gaussian,8,2.4834699630737305,2048,0.02325397701237577,0.0037703304491246625,0.027449670339675426,0.8471495914020049,0.12817411212324087,0.052345966188545354,0.029110939030497898,0.018298250568440175,0.01540101711493226
0.5,42,scalar_normalized,0,0.12079870700836182,2048,0.026795649081985843,1.8362834079081278,0.044366983209387076,0.6039547236179104,0.9657963154701659,0.009865000685100506,0.01859582301173973,0.031238382707389566,0.03399537306472338
0.5,42,scalar_normalized,1,0.17627345025539398,2048,0.04769239209151762,1.5348830686256052,0.08511306883112958,0.5603415873318202,0.923414308673582,0.015646909652364368,0.033476962898122485,0.05595655776407294,0.05954713058298512
0.5,42,scalar_normalized,2,0.25722402334213257,2048,0.08183540339822473,1.236853247586488,0.15117079354938107,0.54134400883126,0.8546352144802272,0.027292052717149906,0.062213556254033624,0.09529991844289243,0.09615460297530583
0.5,42,scalar_normalized,3,0.37534967064857483,2048,0.12283738372804402,0.8718835417641035,0.23038681854924384,0.5331788706556936,0.7433966012680652,0.04522299779209503,0.10263198976133175,0.1401394285770738,0.13651390687028067
0.5,42,scalar_normalized,4,0.547722578048706,2048,0.15157196983119492,0.5052398615370498,0.2866495670568944,0.5287709707271625,0.5905411487767351,0.0714779504660982,0.1440049767158958,0.16673430429928252,0.15224114924844956
0.5,42,scalar_normalized,5,0.7992547750473022,2048,0.15696618018657008,0.24571722984777702,0.2857563444076491,0.5493007705986332,0.43557662662743046,0.10835882425770131,0.1698867808813891,0.16273300801051724,0.13921451602135185
0.5,42,scalar_normalized,6,1.166298747062683,2048,0.1353552897860283,0.09950745407763383,0.2235586551393334,0.6054576133572991,0.2976497471966614,0.1484957497751184,0.15778908882680961,0.12992280577819784,0.1086954421936152
0.5,42,scalar_normalized,7,1.7019013166427612,2048,0.07501969181342188,0.025900403333023018,0.11239787459040144,0.6674476015387966,0.2002516158203573,0.12206043543752132,0.09175974576959517,0.06538488885144672,0.05552399395652039
0.5,42,scalar_normalized,8,2.4834699630737305,2048,0.019995631739499465,0.003242032068613284,0.027449670339675426,0.728447063008914,0.12541925255129513,0.04256054178199246,0.02376543450781831,0.01632865519418961,0.014610721521162634
0.5,42,score,0,0.12079870700836182,2048,0.010337064741366593,0.7083903962529743,0.044366983209387076,0.23299002982874656,0.9493506731584421,0.008969745251427052,0.007504450798826033,0.010845447486965292,0.014211887761365588
0.5,42,score,1,0.17627345025539398,2048,0.018938981371555186,0.6095127664897714,0.08511306883112958,0.22251555056875555,0.894531776810094,0.015789766253116143,0.014073022054402933,0.020049911348097683,0.02514229308979811
0.5,42,score,2,0.25722402334213257,2048,0.032245379905126666,0.48735389818071306,0.15117079354938107,0.2133042973978533,0.8043530012203896,0.029315824714295537,0.027178065342032515,0.03340428184035931,0.0385033958124325
0.5,42,score,3,0.37534967064857483,2048,0.04952242111150325,0.3515036107495123,0.23038681854924384,0.21495336158269887,0.6702051518351355,0.05177873235670646,0.04682829201573668,0.04975927080809896,0.052163712180613823
0.5,42,score,4,0.547722578048706,2048,0.0658567968442393,0.21952263968010458,0.2866495670568944,0.2297467165933936,0.5062197009981786,0.07917804476346847,0.07027614752844555,0.06338787259768441,0.05992652727084158
0.5,42,score,5,0.7992547750473022,2048,0.07650629012893202,0.11976410239496882,0.2857563444076491,0.267732603759065,0.3554366433902572,0.1296523639378957,0.09290087890739121,0.06563694917982811,0.05889671265886181
0.5,42,score,6,1.166298747062683,2048,0.08651351542602241,0.06360105819993012,0.2235586551393334,0.3869835205982192,0.2480850825533681,0.16903079380902938,0.10586853842479368,0.07125341301789326,0.06391092897946854
0.5,42,score,7,1.7019013166427612,2048,0.08001531656621363,0.02762513310556776,0.11239787459040144,0.7118935020595735,0.2049354485290624,0.14544544063481152,0.08946022933212562,0.06912726434955589,0.06800693331830046
0.5,42,score,8,2.4834699630737305,2048,0.10259707022976648,0.0166347828447754,0.027449670339675426,3.7376430740399056,0.20708155792466199,0.13159790491435092,0.10662695798613936,0.09760207293295926,0.09819124029271734
0.5,42,fourier_normalized,0,0.12079870700836182,2048,0.03488432135186066,2.390593349635314,0.044366983209387076,0.7862675987507735,0.9749764941974355,0.01023621348131258,0.024710768277251466,0.04054510636008051,0.04527884338152874
0.5,42,fourier_normalized,1,0.17627345025539398,2048,0.06468070690285359,2.0816175817187066,0.08511306883112958,0.7599386062695582,0.9399199756033835,0.01875352331053951,0.048254597924901825,0.07479877172845063,0.08117397996268687
0.5,42,fourier_normalized,2,0.25722402334213257,2048,0.11389416099718835,1.7213865522848593,0.15117079354938107,0.7534137932535492,0.8854115921637661,0.037501891719688915,0.08921612546466154,0.13057697042643646,0.1371824270320208
0.5,42,fourier_normalized,3,0.37534967064857483,2048,0.1725935364297313,1.225046148500725,0.23038681854924384,0.7491467503069862,0.792720507121156,0.07341333079142967,0.1493471414927774,0.1928685193278738,0.19242619516816747
0.5,42,fourier_normalized,4,0.547722578048706,2048,0.21478348322799778,0.7159448903871474,0.2866495670568944,0.7492894038991079,0.6553102792380439,0.13020132596724635,0.2085806227149322,0.2297125108889525,0.21640232923248062
0.5,42,fourier_normalized,5,0.7992547750473022,2048,0.21512000429793404,0.33675210467695893,0.2857563444076491,0.7528091974435818,0.4952526912954249,0.1965305013711813,0.24046502474945766,0.21344723146114863,0.1867090558379444
0.5,42,fourier_normalized,6,1.166298747062683,2048,0.17319376268206413,0.12732469055226428,0.2235586551393334,0.7747128491809935,0.3349782605508578,0.22865080078796907,0.2073163060779591,0.15918063212006653,0.13466049093140584
0.5,42,fourier_normalized,7,1.7019013166427612,2048,0.08938160026548243,0.030858824416189465,0.11239787459040144,0.7952250039531926,0.21424810341826925,0.16283771323439486,0.11274160770536104,0.07485152255403127,0.0619351511884514
0.5,42,fourier_normalized,8,2.4834699630737305,2048,0.02245597938514404,0.003640945494857279,0.027449670339675426,0.8180782904589726,0.12723836428608393,0.050439195508664256,0.028762932917120232,0.017458165570595655,0.014578016336857926
0.5,42,scalar_gaussian,0,0.12079870700836182,2048,0.022448149056828806,1.5383528693475597,0.044366983209387076,0.5059651892689263,0.9615602975237714,0.008483172062204308,0.015827134983522742,0.02587000251414576,0.02905015934541138
0.5,42,scalar_gaussian,1,0.17627345025539398,2048,0.03993229924106063,1.2851401934040567,0.08511306883112958,0.4691676588502427,0.916116935623343,0.013870566391889341,0.02906044791865269,0.045929995906159704,0.051080810217840084
0.5,42,scalar_gaussian,2,0.25722402334213257,2048,0.06897064876656497,1.0424164526929363,0.15117079354938107,0.45624321436161014,0.8424165764581931,0.02328530323831734,0.05418463000365349,0.07873776189246401,0.08373966894070442
0.5,42,scalar_gaussian,3,0.37534967064857483,2048,0.10464066918146245,0.7427256629015158,0.23038681854924384,0.4541955561537307,0.723583953826564,0.039982247482522076,0.09086006015226908,0.11723387656766877,0.1174865360515493
0.5,42,scalar_gaussian,4,0.547722578048706,2048,0.131528426024704,0.4384280538605946,0.2866495670568944,0.45884746094382944,0.5708669071562131,0.06737436347309633,0.1311526502920723,0.1405664215274646,0.1336940790676245
0.5,42,scalar_gaussian,5,0.7992547750473022,2048,0.1441129147655562,0.22559653397560997,0.2857563444076491,0.5043209628968736,0.4234176042309985,0.1145355167451532,0.16144109186782132,0.1448954941191202,0.12678274348162283
0.5,42,scalar_gaussian,6,1.166298747062683,2048,0.13225667737177355,0.09722948597603055,0.2235586551393334,0.5915972132205943,0.2945908331265066,0.1633234419801132,0.15783027477018272,0.12283266095707474,0.10513503033660854
0.5,42,scalar_gaussian,7,1.7019013166427612,2048,0.07940939057654817,0.02741593833093008,0.11239787459040144,0.7065025995013751,0.20440649993472018,0.13969395912244537,0.09746046677523107,0.06749008660032929,0.05885564316355153
0.5,42,scalar_gaussian,8,2.4834699630737305,2048,0.023892278484188338,0.003873822745243095,0.027449670339675426,0.8704031118965653,0.12941669757432434,0.05856314602412114,0.028112307897524086,0.018687268581056835,0.016791781639014496
1.0,42,fourier_gaussian,0,0.12079870700836182,2048,0.0729437955711413,4.998777268178882,0.08535338232137402,0.8546093146782641,0.9399716795001842,0.006851590048345997,0.02531382646582907,0.08474737756340608,0.14974587841136014
1.0,42,fourier_gaussian,1,0.17627345025539398,2048,0.12073173258966448,3.885506347471897,0.14260393556255557,0.8466227254766298,0.8946902363930629,0.013832562553915212,0.05030507539995081,0.14547661757289218,0.21184242989904484
1.0,42,fourier_gaussian,2,0.25722402334213257,2048,0.17342603691667047,2.6211462040778706,0.20439848494766377,0.8484702661131573,0.8193329364104924,0.027764165506953542,0.09464438126115841,0.2135084932564792,0.24298296269259081
1.0,42,fourier_gaussian,3,0.37534967064857483,2048,0.20960490861086514,1.4877479847290163,0.24676506075857502,0.8494108038087861,0.7027375019650146,0.057219326835170704,0.16204472025740194,0.2521384292681845,0.21813282196475695
1.0,42,fourier_gaussian,4,0.547722578048706,2048,0.21735977509419538,0.7245325292969428,0.2525193132734877,0.8607649540801132,0.5630651642948011,0.10633329471509718,0.23457327616300594,0.2418751521592497,0.15582572671449263
1.0,42,fourier_gaussian,5,0.7992547750473022,2048,0.19381108248104767,0.30339479653794005,0.22032846071667794,0.8796461512535633,0.4213182295946784,0.17241100858286534,0.2703833715085845,0.18661301996983554,0.09676417919566276
1.0,42,fourier_gaussian,6,1.166298747062683,2048,0.14206775204619798,0.10444217093397226,0.15940213520754343,0.8912537580580343,0.29116975342368034,0.22731654107439425,0.23278646292643002,0.11090395155171902,0.05115951844481925
1.0,42,fourier_gaussian,7,1.7019013166427612,2048,0.06536798502643937,0.022568170254051636,0.0721401562149091,0.9061248056034825,0.18859373166141868,0.15903105325875627,0.1137687722624834,0.04147838605717025,0.01753669925053502
1.0,42,fourier_gaussian,8,2.4834699630737305,2048,0.01652460036960694,0.002679249398930253,0.01776245017840168,0.9303108638525607,0.11269031304591619,0.054661527823993396,0.028487097770935995,0.008685616502672085,0.003684695456561157
1.0,42,scalar_normalized,0,0.12079870700836182,2048,0.03945645796615148,2.7039180456642584,0.08535338232137402,0.46227175646759194,0.9075836086660318,0.013204667998337827,0.020210552960251826,0.041626518552949035,0.08005772129752327
1.0,42,scalar_normalized,1,0.17627345025539398,2048,0.05870158218579406,1.8891915596436313,0.14260393556255557,0.41164068827570083,0.833372722727169,0.01705413477246536,0.03410263975325697,0.06636055855731315,0.09663659544752602
1.0,42,scalar_normalized,2,0.25722402334213257,2048,0.07969366590752172,1.204483211381458,0.20439848494766377,0.3898936233697,0.7234868262828695,0.025600940041632214,0.06105133932970447,0.09336791018871625,0.09122883802017834
1.0,42,scalar_normalized,3,0.37534967064857483,2048,0.10059330241155082,0.7139979876037289,0.24676506075857502,0.40764807668605585,0.5950881032474953,0.039673269994709916,0.1047262964028353,0.1136417834887483,0.07779595814476628
1.0,42,scalar_normalized,4,0.547722578048706,2048,0.12050527866099213,0.40168423207120424,0.2525193132734877,0.47721212725808615,0.46693464033095217,0.06884983290382364,0.16255826351786148,0.12299695409212198,0.06502889048516083
1.0,42,scalar_normalized,5,0.7992547750473022,2048,0.1287003541034602,0.20146947866822043,0.22032846071667794,0.5841295023113559,0.3569875661746621,0.11905591966553346,0.20174403691365872,0.11452818914026835,0.057742226989569226
1.0,42,scalar_normalized,6,1.166298747062683,2048,0.1157436800635499,0.0850898324469391,0.15940213520754343,0.7261112275117915,0.2645355846606534,0.18082475193268083,0.1938158231436103,0.08787481933967069,0.046074970728580224
1.0,42,scalar_normalized,7,1.7019013166427612,2048,0.06045050263896971,0.020870418981822146,0.0721401562149091,0.8379591313731656,0.18310903011759153,0.1358814831301296,0.0983060010640112,0.04097641372308304,0.02481451884826787
1.0,42,scalar_normalized,8,2.4834699630737305,2048,0.018665318685612983,0.003026339079355281,0.01776245017840168,1.0508301781647866,0.11461758894334426,0.052637128695549484,0.0262258922014053,0.012380533505765361,0.01009359310921961
1.0,42,score,0,0.12079870700836182,2048,0.03480373336003219,2.3850707219945924,0.08535338232137402,0.40776044737147704,0.90271855294598,0.00842189586297051,0.016473935049627096,0.03467485221051552,0.08253350219729404
1.0,42,score,1,0.17627345025539398,2048,0.0501816762326973,1.6149956382355173,0.14260393556255557,0.3518954510949263,0.8242413865395901,0.01279957898068756,0.026853270671686243,0.055250740003806385,0.09327243256808801
1.0,42,score,2,0.25722402334213257,2048,0.06393178598296889,0.966259514018046,0.20439848494766377,0.3127801363074615,0.7086111709631984,0.024242475520739985,0.048202052146254795,0.07405983389612945,0.07568385983309235
1.0,42,score,3,0.37534967064857483,2048,0.07582135763131187,0.5381699921199028,0.24676506075857502,0.3072613172960188,0.5697897267115708,0.05032805368282374,0.08294374896130809,0.08139123641460404,0.05628051094581932
1.0,42,score,4,0.547722578048706,2048,0.09247599831664294,0.30825330459870554,0.2525193132734877,0.36621356647080705,0.43997098211223706,0.0953227533386452,0.13005640796125148,0.08658052454318457,0.046356640413735835
1.0,42,score,5,0.7992547750473022,2048,0.09979068193060688,0.15621384109280426,0.22032846071667794,0.452917801023121,0.3283303382275009,0.15759704071483085,0.16014008888915388,0.07716485613151935,0.045863545476285135
1.0,42,score,6,1.166298747062683,2048,0.09966004325107389,0.07326582649897208,0.15940213520754343,0.625211469854625,0.24881014422505143,0.21453271470415142,0.15773398636851896,0.06876362538641405,0.0493191277237323
1.0,42,score,7,1.7019013166427612,2048,0.0799006240935333,0.027585535751461446,0.0721401562149091,1.1075748693349843,0.20234654368424365,0.15431851798476867,0.09790552577075479,0.06507431880148,0.06255912227554353
1.0,42,score,8,2.4834699630737305,2048,0.10180911580096243,0.016507026264734857,0.01776245017840168,5.731704510268386,0.19816614406792743,0.1262800764234957,0.09402207109968677,0.10246260965735943,0.0995890181332121
1.0,42,fourier_normalized,0,0.12079870700836182,2048,0.04862533496167473,3.332253513281231,0.08535338232137402,0.5696942949324467,0.9157858337958519,0.0065359673006400625,0.017613531634471352,0.05624538814550957,0.09835354421612395
1.0,42,fourier_normalized,1,0.17627345025539398,2048,0.07501220724953876,2.4141160004433786,0.14260393556255557,0.5260177915400758,0.84748695315254,0.011873929292094382,0.03486617329328349,0.09057410145277334,0.12267037726924228
1.0,42,fourier_normalized,2,0.25722402334213257,2048,0.10356574127238076,1.5652837050012625,0.20439848494766377,0.5066854644196545,0.7489696620793189,0.021070654513799632,0.06208268931242178,0.12896883992725652,0.12717673137087784
1.0,42,fourier_normalized,3,0.37534967064857483,2048,0.11826217709144043,0.8394093287390515,0.24676506075857502,0.4792500880306689,0.611123039953015,0.039559680983036985,0.10242430050877982,0.14202584592919734,0.1003681510226463
1.0,42,fourier_normalized,4,0.547722578048706,2048,0.12335648792035807,0.41118826222281823,0.2525193132734877,0.4885031814844137,0.46961273111310764,0.07088730225056557,0.147210110574946,0.13399950041560812,0.0698926591466973
1.0,42,fourier_normalized,5,0.7992547750473022,2048,0.11275109605691384,0.1765022691669979,0.22032846071667794,0.5117409511697235,0.341249068950203,0.11652876010631792,0.16689704843090603,0.10440104566007974,0.04593755775263198
1.0,42,fourier_normalized,6,1.166298747062683,2048,0.08761001087550108,0.06440715503410493,0.15940213520754343,0.5496162944205975,0.23582666358395538,0.16191218170155577,0.1485250487840979,0.06418636161623806,0.026526968002958885
1.0,42,fourier_normalized,7,1.7019013166427612,2048,0.04208307752335998,0.014529101026710574,0.0721401562149091,0.5833516273237945,0.16531475052999917,0.11617467748512027,0.07301219087089932,0.025201190293038543,0.009712005574637545
1.0,42,fourier_normalized,8,2.4834699630737305,2048,0.011478807457763715,0.0018611395915035418,0.01776245017840168,0.6462400931444364,0.10775268180467798,0.04087624003013463,0.019553753687140303,0.005775328011853767,0.002337918416547977
1.0,42,scalar_gaussian,0,0.12079870700836182,2048,0.029261854313898765,2.0052903886310705,0.08535338232137402,0.34283180722377854,0.8969179749187011,0.010315082307454624,0.01606116061714253,0.030506902967155622,0.05855222153274179
1.0,42,scalar_gaussian,1,0.17627345025539398,2048,0.044180524716009875,1.4218607282157985,0.14260393556255557,0.30981280104032866,0.8182910543255598,0.013737201847285213,0.027757217343133345,0.04928136341076749,0.07102063768133088
1.0,42,scalar_gaussian,2,0.25722402334213257,2048,0.0624818892116544,0.9443458989346213,0.20439848494766377,0.30568665529811967,0.7075095655922146,0.021041474373485115,0.05005587914583076,0.0721943542761088,0.07090349177305166
1.0,42,scalar_gaussian,3,0.37534967064857483,2048,0.08304844385286306,0.5894668965332295,0.24676506075857502,0.33654863292868803,0.5772631233751626,0.03719469197600648,0.0919881253391537,0.09065385808101242,0.06389841850248021
1.0,42,scalar_gaussian,4,0.547722578048706,2048,0.10980103734219038,0.36600343035177246,0.2525193132734877,0.434822334651575,0.4574742446007445,0.07309153174023465,0.15362798021971902,0.1074468899715464,0.06117408762788104
1.0,42,scalar_gaussian,5,0.7992547750473022,2048,0.12805345871491014,0.20045681885394137,0.22032846071667794,0.5811934522593296,0.35602680049194446,0.13139780201967258,0.20156569113542822,0.11095979716944099,0.060083131747560255
1.0,42,scalar_gaussian,6,1.166298747062683,2048,0.12256357609232078,0.09010353004213427,0.15940213520754343,0.7688954475593541,0.27137937259640627,0.20461364788210284,0.20131075864407205,0.09254028264902882,0.050406542458431444
1.0,42,scalar_gaussian,7,1.7019013166427612,2048,0.06870211743868865,0.02371927301328093,0.0721401562149091,0.952342232722946,0.19127240937806889,0.16210247607545047,0.10760676319960982,0.047029941678363156,0.02952187860452416
1.0,42,scalar_gaussian,8,2.4834699630737305,2048,0.02439630896674015,0.003955544743791589,0.01776245017840168,1.3734765599176704,0.12054556645475688,0.07455018931903404,0.0322642088233518,0.01620916736840792,0.013474866175189091
0.0,43,fourier_normalized,0,0.12079870700836182,2048,0.02904568764687456,1.990476667836891,0.03565451925436876,0.8146425265098922,0.9754739117677902,0.026979801388986306,0.029376635497086252,0.029305437361853384,0.0286237737998495
0.0,43,fourier_normalized,1,0.17627345025539398,2048,0.05596558924010523,1.8011391667135694,0.07062852952278358,0.7923935216866107,0.9584009290724376,0.05224464919320646,0.056557712602703016,0.05635661800825247,0.05550289460854115
0.0,43,fourier_normalized,2,0.25722402334213257,2048,0.1025743205554134,1.5502994575657303,0.1303109032261315,0.7871507142991238,0.9133449992933476,0.09326375248679562,0.10352300673028926,0.1040658404535777,0.10042567444513442
0.0,43,fourier_normalized,3,0.37534967064857483,2048,0.16746100863140956,1.1886161434062594,0.2130675386971535,0.7859527061484133,0.8269084437840961,0.1582842726845576,0.16668579310375378,0.16934538082584716,0.16681861680539564
0.0,43,fourier_normalized,4,0.547722578048706,2048,0.2256019417134872,0.7520064159669783,0.2890845317855631,0.7804012906537456,0.7043552539819813,0.20809481238179636,0.2242301484354824,0.22866438245209453,0.2261976477128075
0.0,43,fourier_normalized,5,0.7992547750473022,2048,0.23941271953954626,0.37478028812102887,0.30466454971205226,0.7858240145294965,0.5415969076358332,0.21630071620309427,0.23725388342705916,0.24298281970373625,0.2426036071950565
0.0,43,fourier_normalized,6,1.166298747062683,2048,0.19988540485500655,0.14694725101502398,0.2504236771564499,0.798188921769286,0.3706336558154925,0.18799846189751737,0.20114784003491185,0.20122654342062465,0.1991784093747783
0.0,43,fourier_normalized,7,1.7019013166427612,2048,0.10652500601924081,0.03677755205677101,0.13086405695532416,0.8140127128689546,0.23223121446172365,0.10031656164818674,0.10558052522187597,0.10747484954388306,0.10806492099427095
0.0,43,fourier_normalized,8,2.4834699630737305,2048,0.024695062351674724,0.004003983726224504,0.030352925026432047,0.8135974483569435,0.13426032207691313,0.02324940805846323,0.024244493715246094,0.024941969261338383,0.02536645509838044
0.0,43,scalar_normalized,0,0.12079870700836182,2048,0.029045684562746997,1.9904764564842101,0.03565451925436876,0.8146424400095654,0.9754739026234837,0.026979797607926494,0.02937663225101262,0.029305432244935786,0.028623779070239646
0.0,43,scalar_normalized,1,0.17627345025539398,2048,0.05596559011874443,1.801139194990793,0.07062852952278358,0.792393534126898,0.9584009260113573,0.052244646204068025,0.056557714643862056,0.0563566194094541,0.055502893595119
0.0,43,scalar_normalized,2,0.25722402334213257,2048,0.10257432137114902,1.5502994698946881,0.1303109032261315,0.7871507205590421,0.9133449973828078,0.09326374726346118,0.10352300479698576,0.10406584123843952,0.1004256836197241
0.0,43,scalar_normalized,3,0.37534967064857483,2048,0.1674610053905731,1.1886161204032297,0.2130675386971535,0.7859526909380415,0.8269084351278532,0.15828428369872735,0.16668578999039732,0.16934537317792395,0.16681862206747464
0.0,43,scalar_normalized,4,0.547722578048706,2048,0.2256019327368196,0.7520063860447552,0.2890845317855631,0.7804012596016948,0.7043552476280489,0.20809480236585332,0.22423013631177152,0.22866437630207503,0.22619763422981037
0.0,43,scalar_normalized,5,0.7992547750473022,2048,0.23941271538481715,0.37478028161715315,0.30466454971205226,0.7858240008924353,0.5415968992248347,0.21630071624858643,0.23725387180442628,0.24298282024047535,0.24260359625982078
0.0,43,scalar_normalized,6,1.166298747062683,2048,0.19988539640529762,0.14694724480315724,0.2504236771564499,0.7981888880276327,0.37063364495989914,0.18799847754356055,0.20114781559966818,0.20122653882968364,0.19917840137970133
0.0,43,scalar_normalized,7,1.7019013166427612,2048,0.10652500651775988,0.03677755222888376,0.13086405695532416,0.8140127166783969,0.23223122345127228,0.10031655945716374,0.10558051741967558,0.10747485245225018,0.10806492863994428
0.0,43,scalar_normalized,8,2.4834699630737305,2048,0.02469505513054987,0.004003982555412866,0.030352925026432047,0.8135972104515407,0.13426031195901347,0.023249391650929686,0.02424449073460218,0.024941961829503742,0.025366446238197917
0.0,43,scalar_gaussian,0,0.12079870700836182,2048,0.02866121709910599,1.9641292229387788,0.03565451925436876,0.8038593058745035,0.9753747155020247,0.026952808310172043,0.02832183776052752,0.029087857804745224,0.028601920362460613
0.0,43,scalar_gaussian,1,0.17627345025539398,2048,0.05594983934855545,1.8006322883455048,0.07062852952278358,0.7921705255169863,0.9590545958885686,0.0534317335491313,0.05517878092879889,0.05643509578898331,0.056886366541741964
0.0,43,scalar_gaussian,2,0.25722402334213257,2048,0.10236508641316175,1.5471371107377858,0.1303109032261315,0.7855450609188492,0.9120444447360874,0.09491680670430949,0.10124663495548865,0.10391463751916188,0.10263751799794249
0.0,43,scalar_gaussian,3,0.37534967064857483,2048,0.1669831447126811,1.185224328363498,0.2130675386971535,0.7837099247202781,0.827330934051413,0.16206303945688114,0.16202967322354012,0.169400298733736,0.16939123731150219
0.0,43,scalar_gaussian,4,0.547722578048706,2048,0.22670491715804658,0.7556830005063795,0.2890845317855631,0.7842166986859456,0.7040614096347325,0.2124623831557527,0.2221273749404733,0.23039486588605687,0.22881548257363468
0.0,43,scalar_gaussian,5,0.7992547750473022,2048,0.23916780648897606,0.3743968975316156,0.30466454971205226,0.7850201367865767,0.5422001687852293,0.222748042622349,0.23222012391879635,0.2430181726693751,0.24609550541369224
0.0,43,scalar_gaussian,6,1.166298747062683,2048,0.2016754594067366,0.14826322301275172,0.2504236771564499,0.8053370260222705,0.37217495544965373,0.19748676481879932,0.19905883954551318,0.2022999857568487,0.20629495883067564
0.0,43,scalar_gaussian,7,1.7019013166427612,2048,0.10875244536740761,0.03754657117858836,0.13086405695532416,0.831033729945685,0.23474818608322873,0.10478404404181792,0.10543445444066389,0.1099860401515569,0.1121955163446046
0.0,43,scalar_gaussian,8,2.4834699630737305,2048,0.025509384168317356,0.004136015435855947,0.030352925026432047,0.8404258945753392,0.13463608450333392,0.024406586489193166,0.02467826309616484,0.025869797669771547,0.026238036001719464
0.0,43,score,0,0.12079870700836182,2048,0.006311678419836479,0.43253404024421466,0.03565451925436876,0.17702323721734398,0.9535449877698668,0.006309498804259619,0.006195829246370556,0.00639130929419189,0.00621801565597594
0.0,43,score,1,0.17627345025539398,2048,0.012407963465030248,0.3993251796230882,0.07062852952278358,0.1756791986024238,0.9140798485327383,0.01246895028190784,0.012232842809656969,0.012486432382010897,0.012388969378834972
0.0,43,score,2,0.25722402334213257,2048,0.02357371009953698,0.35629102666471635,0.1303109032261315,0.18090358915423202,0.8342476725301313,0.02278087736313504,0.023396412156936434,0.023880776065268006,0.023169342091621827
0.0,43,score,3,0.37534967064857483,2048,0.042207229360950504,0.29958134491653066,0.2130675386971535,0.19809319438819978,0.7004556987236195,0.043036983419768846,0.04147307116501289,0.042610265036748786,0.04152884579025814
0.0,43,score,4,0.547722578048706,2048,0.06277488200366627,0.2092495909821544,0.2890845317855631,0.21715060856397314,0.5403998560974989,0.06170582603026729,0.061760935105462995,0.0633957627670364,0.06282582470185098
0.0,43,score,5,0.7992547750473022,2048,0.07044624522143769,0.11027761654398652,0.30466454971205226,0.23122560628736946,0.37274853944839104,0.07131120995886622,0.06889764869844926,0.07092399050499067,0.07091395422586783
0.0,43,score,6,1.166298747062683,2048,0.08192172337549336,0.06022536791605303,0.2504236771564499,0.3271324992337426,0.2530465685958285,0.08249389510816196,0.08196666232644059,0.0816629800277209,0.08250143359168939
0.0,43,score,7,1.7019013166427612,2048,0.07740154850794892,0.02672273474466278,0.13086405695532416,0.5914652984843128,0.20359913423990872,0.07901507597938132,0.0767522673109923,0.07753099170088916,0.07717041442285744
0.0,43,score,8,2.4834699630737305,2048,0.09925907298745483,0.016093569931599997,0.030352925026432047,3.2701649973113853,0.2105617591677837,0.1011741261196566,0.09934591336055157,0.09914145321019655,0.09848511307592435
0.0,43,fourier_gaussian,0,0.12079870700836182,2048,0.028661213294541105,1.964128962215131,0.03565451925436876,0.8038591991681178,0.9753747072405105,0.02695279871155249,0.028321827680417744,0.029087856090574144,0.028601923036295957
0.0,43,fourier_gaussian,1,0.17627345025539398,2048,0.0559498387315426,1.8006322684881955,0.07062852952278358,0.7921705167809577,0.9590545884492547,0.05343172538214804,0.05517878006827587,0.05643509483910418,0.05688637180955891
0.0,43,fourier_gaussian,2,0.25722402334213257,2048,0.10236508763677607,1.5471371292313874,0.1303109032261315,0.7855450703088105,0.9120444576858242,0.09491679783669374,0.10124663394479785,0.10391464195339996,0.10263751667087066
0.0,43,fourier_gaussian,3,0.37534967064857483,2048,0.16698315694815574,1.1852244152092826,0.2130675386971535,0.7837099821456124,0.8273309390840955,0.16206303552170176,0.16202968851517885,0.1694003126422481,0.16939124677712927
0.0,43,fourier_gaussian,4,0.547722578048706,2048,0.22670491902721304,0.7556830067369339,0.2890845317855631,0.7842167051517583,0.7040614132263069,0.21246237394333675,0.22212736287580365,0.2303948762547131,0.22881548326131618
0.0,43,fourier_gaussian,5,0.7992547750473022,2048,0.23916781164455653,0.37439690560223915,0.30466454971205226,0.7850201537087308,0.5422001748894665,0.22274804543612903,0.23222014712978017,0.24301816174473667,0.24609554051927152
0.0,43,fourier_gaussian,6,1.166298747062683,2048,0.20167546707663292,0.1482632286513334,0.2504236771564499,0.8053370566499509,0.37217496657587457,0.19748679017091178,0.1990588386952386,0.2022999970504546,0.20629495813451923
0.0,43,fourier_gaussian,7,1.7019013166427612,2048,0.10875245906469105,0.03754657590754895,0.13086405695532416,0.8310338346137182,0.23474820185863007,0.10478404236415273,0.10543449032306414,0.10998605029030767,0.11219551258666415
0.0,43,fourier_gaussian,8,2.4834699630737305,2048,0.025509381578639967,0.004136015015973381,0.030352925026432047,0.8404258092564652,0.13463608762877946,0.024406586828694204,0.024678253292410295,0.025869797165800498,0.02623803673041171
0.5,43,fourier_normalized,0,0.12079870700836182,2048,0.03271123358823659,2.2416734637216815,0.044366983209387076,0.7372877581930253,0.972185220238055,0.008980153711251411,0.023091498216964,0.037687277637407576,0.04419852999417816
0.5,43,fourier_normalized,1,0.17627345025539398,2048,0.060795488013202566,1.9565796788140557,0.08511306883112958,0.7142908703459532,0.935545902056603,0.01764471618344644,0.04380469566764342,0.07012436428537479,0.07973157061585498
0.5,43,fourier_normalized,2,0.25722402334213257,2048,0.10649616621573613,1.6095738955238177,0.15117079354938107,0.7044758032638649,0.8773605366996065,0.03527901354807764,0.08179432580839856,0.12138576330837857,0.1337260449608306
0.5,43,fourier_normalized,3,0.37534967064857483,2048,0.16276451567949723,1.1552810561184257,0.23038681854924384,0.7064836291608726,0.7831512903244319,0.07030071256354545,0.1401463271823838,0.1804446371304051,0.18755183814646456
0.5,43,fourier_normalized,4,0.547722578048706,2048,0.19679438855881604,0.6559812459880119,0.2866495670568944,0.6865330046696221,0.636020177867884,0.11507718801939873,0.19136893016187712,0.21009568468845538,0.20158875174107957
0.5,43,fourier_normalized,5,0.7992547750473022,2048,0.20217786647687236,0.31649228660710754,0.2857563444076491,0.7075183821236639,0.48023015756511866,0.18338016337932286,0.22283611762568123,0.1999431803804481,0.18433740251967584
0.5,43,fourier_normalized,6,1.166298747062683,2048,0.16236622043257481,0.11936474185082895,0.2235586551393334,0.7262801806147015,0.3250848146050914,0.21433601325208018,0.19344976528218866,0.14872040310642815,0.12978534347675705
0.5,43,fourier_normalized,7,1.7019013166427612,2048,0.0863739910762801,0.029820453167448746,0.11239787459040144,0.7684664090939693,0.21117309273724974,0.15691150074639587,0.10763357391317147,0.07237382533477611,0.06228118679520178
0.5,43,fourier_normalized,8,2.4834699630737305,2048,0.02158713616495652,0.003500073847532388,0.027449670339675426,0.7864260626020974,0.12738217720179082,0.048903680669180646,0.02715236861417646,0.016791168406202664,0.01463563195262225
0.5,43,scalar_normalized,0,0.12079870700836182,2048,0.0275459623240284,1.8877017464929082,0.044366983209387076,0.6208662462810922,0.9670488127818746,0.010200416375971537,0.019112089584097526,0.03214451743076041,0.03480360898517178
0.5,43,scalar_normalized,1,0.17627345025539398,2048,0.049298724344157156,1.586579619564642,0.08511306883112958,0.5792145086669281,0.9251359456491544,0.01717165936954152,0.035248723051409366,0.05754060091207419,0.06098889570503089
0.5,43,scalar_normalized,2,0.25722402334213257,2048,0.08350287098733714,1.2620552092949535,0.15117079354938107,0.5523743642984866,0.8557019941037782,0.027714824705643397,0.06413942542054922,0.0967177064466744,0.09899742152729352
0.5,43,scalar_normalized,3,0.37534967064857483,2048,0.12437460923067738,0.8827945655505869,0.23038681854924384,0.5398512380780719,0.7443057559251253,0.04514426281783336,0.10512323641067299,0.14234401535173916,0.13473170801603196
0.5,43,scalar_normalized,4,0.547722578048706,2048,0.15583987178059056,0.5194662003011883,0.2866495670568944,0.543659888904208,0.5956549379407934,0.07632360087809142,0.14857862066133273,0.17094588155250645,0.15585732068897723
0.5,43,scalar_normalized,5,0.7992547750473022,2048,0.16027350061074785,0.25089455920548964,0.2857563444076491,0.560874688339755,0.43944424286060374,0.11514526886972887,0.17478372321971006,0.16586065614733206,0.1384417571349522
0.5,43,scalar_normalized,6,1.166298747062683,2048,0.13862911595037947,0.10191423187865153,0.2235586551393334,0.6201017619468975,0.3010381034426699,0.15634290253922908,0.16277520708170637,0.13254422879763,0.10884909063349109
0.5,43,scalar_normalized,7,1.7019013166427612,2048,0.07780956438384168,0.02686360143574679,0.11239787459040144,0.6922690012368478,0.20376159344081793,0.12655870103593742,0.09601466115680322,0.06748877698438428,0.05735173548980696
0.5,43,scalar_normalized,8,2.4834699630737305,2048,0.02070697517510432,0.0033573671708032695,0.027449670339675426,0.7543615248877763,0.1256262949944688,0.04326015062051762,0.024901652748970573,0.016977314570203298,0.014810057637071876
0.5,43,scalar_gaussian,0,0.12079870700836182,2048,0.02338140618478687,1.602308199339304,0.044366983209387076,0.5270001359894102,0.9626391432282524,0.008137626460259591,0.015996619509806145,0.027215595380428576,0.03049396760373245
0.5,43,scalar_gaussian,1,0.17627345025539398,2048,0.041797443983819696,1.3451661002762374,0.08511306883112958,0.49108138806214136,0.9169092821586315,0.014193984357569614,0.0296561269434064,0.04869071418822201,0.05267601996472907
0.5,43,scalar_gaussian,2,0.25722402334213257,2048,0.07176344101987579,1.0846264745771421,0.15117079354938107,0.4747176311966222,0.8418694572271724,0.02305184107659202,0.05415739678587643,0.08350962611692447,0.0857505981488484
0.5,43,scalar_gaussian,3,0.37534967064857483,2048,0.1080267638216658,0.7667597158750401,0.23038681854924384,0.46889298833116927,0.7281836298501856,0.039564171683236796,0.09050553531499916,0.12331498318899599,0.11945489252273071
0.5,43,scalar_gaussian,4,0.547722578048706,2048,0.13724797995875965,0.45749323221061716,0.2866495670568944,0.4788005834717293,0.5775891663395869,0.07147858434264329,0.13208470418548152,0.14906490969662586,0.13832395544382428
0.5,43,scalar_gaussian,5,0.7992547750473022,2048,0.14743464136486784,0.23079641497752,0.2857563444076491,0.5159452948297212,0.4264994391721245,0.11767983695066923,0.16146591441639857,0.1501492158557192,0.1287655436490407
0.5,43,scalar_gaussian,6,1.166298747062683,2048,0.1368846979819719,0.10063180995662752,0.2235586551393334,0.6122988076514336,0.2986644661875456,0.16919385392992717,0.1602492835237116,0.1286733385137042,0.10841881726124865
0.5,43,scalar_gaussian,7,1.7019013166427612,2048,0.08141987729332723,0.028110054976860456,0.11239787459040144,0.7243898302351023,0.2072094956519099,0.14361965234510152,0.09876579877399977,0.06952945560890166,0.06094662377342021
0.5,43,scalar_gaussian,8,2.4834699630737305,2048,0.024240222464028904,0.00393023734396246,0.027449670339675426,0.883078818946411,0.1294613008749398,0.05931565767701574,0.02804623945414852,0.019087082841360053,0.01745503349335033
0.5,43,score,0,0.12079870700836182,2048,0.010812794417253885,0.7409917528317418,0.044366983209387076,0.24371263572787016,0.9500872029492776,0.010708194522793646,0.0078022534084713924,0.01126625697731203,0.014509897591792121
0.5,43,score,1,0.17627345025539398,2048,0.019569348062983945,0.6297998420435184,0.08511306883112958,0.229921777369007,0.8953322209551977,0.016971672811367244,0.01474169473353534,0.020620716347611142,0.02562316004653244
0.5,43,score,2,0.25722402334213257,2048,0.03352045689189159,0.5066253020782248,0.15117079354938107,0.22173897553128796,0.8056704445143438,0.03150101705936466,0.028183978938467025,0.03475055159082221,0.03948241540897905
0.5,43,score,3,0.37534967064857483,2048,0.0513966832907437,0.36480687639581244,0.23038681854924384,0.22308864549799734,0.6714568682567736,0.056476080808796,0.04843316749700848,0.05130350483130082,0.054195275816361445
0.5,43,score,4,0.547722578048706,2048,0.06747480961222098,0.224916015168796,0.2866495670568944,0.2353912838766944,0.5079696108704796,0.08059618331599598,0.07114020454118936,0.06516564816920042,0.062392398687813176
0.5,43,score,5,0.7992547750473022,2048,0.0774074117578714,0.121174731806704,0.2857563444076491,0.2708860652537077,0.3562092829868748,0.12955925218296666,0.0933364867974163,0.06721141912705092,0.058634005834504906
0.5,43,score,6,1.166298747062683,2048,0.08781205518774274,0.06455568942203921,0.2235586551393334,0.39279201752673676,0.24930869293126778,0.1696402538952121,0.10566900603217383,0.07336380300667177,0.06518854042198378
0.5,43,score,7,1.7019013166427612,2048,0.08130638858841227,0.028070873221244207,0.11239787459040144,0.7233801251554598,0.20635038936362543,0.14933916308042522,0.08994280207898625,0.07065790972083497,0.06838436560934333
0.5,43,score,8,2.4834699630737305,2048,0.10546596556144423,0.017099936973835543,0.027449670339675426,3.842157820343838,0.20997098543218445,0.13729890351712087,0.10758979154749884,0.1012534250255438,0.09991935141315077
0.5,43,fourier_gaussian,0,0.12079870700836182,2048,0.03592894639492533,2.462180629652149,0.044366983209387076,0.809812698451031,0.9758091690579154,0.009549769519380477,0.023917514268248116,0.04192924807934245,0.049269895409856115
0.5,43,fourier_gaussian,1,0.17627345025539398,2048,0.06782738669637475,2.1828870992592404,0.08511306883112958,0.796909189480045,0.9426933161441177,0.01906070842352945,0.0469298022015133,0.07873969974968376,0.09084695330409742
0.5,43,fourier_gaussian,2,0.25722402334213257,2048,0.11950932160780875,1.8062536067450103,0.15117079354938107,0.7905582738690204,0.8899718762440925,0.0388299514748486,0.08775690272753514,0.13697051902982965,0.15481541498563864
0.5,43,fourier_gaussian,3,0.37534967064857483,2048,0.18164878639543441,1.2893191179506112,0.23038681854924384,0.7884512991640972,0.8019306314551666,0.07528914985187973,0.14896378027970475,0.20363465209185078,0.2157864360500224
0.5,43,fourier_gaussian,4,0.547722578048706,2048,0.2239311251952992,0.7464370279908027,0.2866495670568944,0.7812016864161291,0.6635563400235589,0.12960560014856487,0.20702901283303743,0.2409149308663523,0.24222135077463877
0.5,43,fourier_gaussian,5,0.7992547750473022,2048,0.2251191148921493,0.35240486346379946,0.2857563444076491,0.7878009335498881,0.5051139348452931,0.1992064523793669,0.2410766685425068,0.22477289354745109,0.21245400154525285
0.5,43,fourier_gaussian,6,1.166298747062683,2048,0.17927582287309282,0.13179596261051127,0.2235586551393334,0.8019185066279755,0.3416410599176222,0.23400729446779253,0.20737497083977074,0.1660661012563993,0.14881880170945216
0.5,43,fourier_gaussian,7,1.7019013166427612,2048,0.09316554654421394,0.03216522454181759,0.11239787459040144,0.8288906430279607,0.21786355189737228,0.16744757911309324,0.11451889368790913,0.07853608181842085,0.0692031113812635
0.5,43,fourier_gaussian,8,2.4834699630737305,2048,0.022695226140891506,0.0036797362499856982,0.027449670339675426,0.8267941239384612,0.12783088856678826,0.05032024700374695,0.028305817651220297,0.017801495632242294,0.015861033786951004
1.0,43,fourier_normalized,0,0.12079870700836182,2048,0.05054925285244356,3.4640979963234972,0.08535338232137402,0.5922349118177256,0.9176513634157573,0.005876231962514199,0.018954487560711344,0.05836080874703085,0.10202574715259854
1.0,43,fourier_normalized,1,0.17627345025539398,2048,0.07992817879619163,2.5723265904746704,0.14260393556255557,0.560490693899046,0.8545034312069455,0.010739274277883912,0.03742384042551261,0.09630748345355031,0.13205235414865926
1.0,43,fourier_normalized,2,0.25722402334213257,2048,0.11171868939225527,1.6885066615791204,0.20439848494766377,0.546572981795148,0.7565271401561532,0.019938774979968814,0.06850851608601338,0.13814088413225067,0.13970843648130624
1.0,43,fourier_normalized,3,0.37534967064857483,2048,0.1307241330382627,0.9278626477406922,0.24676506075857502,0.5297513863445924,0.6248099796748,0.037918350766852495,0.11600451830744189,0.15515895197542093,0.11614178894790782
1.0,43,fourier_normalized,4,0.547722578048706,2048,0.13634504611189768,0.45448345294685405,0.2525193132734877,0.5399390816663239,0.48333517158115813,0.07060248197601256,0.16493159551991482,0.1471429769006417,0.08125597759343717
1.0,43,fourier_normalized,5,0.7992547750473022,2048,0.12327236472996352,0.19297242209900609,0.22032846071667794,0.5594936048161313,0.3520120662309933,0.11407870687054614,0.18758106112796435,0.11306905635156853,0.052599212707130555
1.0,43,fourier_normalized,6,1.166298747062683,2048,0.096251695414294,0.07076015408391449,0.15940213520754343,0.6038293984517408,0.2445175231043637,0.16108138821218845,0.16722592673191236,0.07080794824525949,0.03017961082271701
1.0,43,fourier_normalized,7,1.7019013166427612,2048,0.04522317156050039,0.015613212412662794,0.0721401562149091,0.6268793128999932,0.16862856119344166,0.11600525055804356,0.08113282731953429,0.02704607513730971,0.01072943725563655
1.0,43,fourier_normalized,8,2.4834699630737305,2048,0.01206861997837261,0.0019567700337519015,0.01776245017840168,0.6794456765343947,0.10794351754012826,0.041317787502865654,0.02102222507834292,0.0061031190750421875,0.0024378990329553003
1.0,43,scalar_normalized,0,0.12079870700836182,2048,0.03769911408069354,2.5834887398100985,0.08535338232137402,0.44168272018498567,0.9054021180032412,0.014319066161849369,0.01925977091605798,0.03948902489427547,0.07670719881031626
1.0,43,scalar_normalized,1,0.17627345025539398,2048,0.0547970255919391,1.7635313118854916,0.14260393556255557,0.3842602616524667,0.8283867307135961,0.016852458274579717,0.03309195395684073,0.06118340932147943,0.09033779625238353
1.0,43,scalar_normalized,2,0.25722402334213257,2048,0.07390530327542601,1.1169983964673404,0.20439848494766377,0.36157461389378426,0.7191202463012929,0.024993467143390853,0.05790232986846224,0.08503993477823227,0.08746411261722409
1.0,43,scalar_normalized,3,0.37534967064857483,2048,0.09366787519449968,0.6648422190015558,0.24676506075857502,0.3795832153326623,0.5877196933273916,0.03940779322084133,0.10070990017749201,0.10378102040827523,0.07308799440250488
1.0,43,scalar_normalized,4,0.547722578048706,2048,0.11470830795732065,0.3823609978418202,0.2525193132734877,0.4542555833465591,0.4610316620333753,0.06740140532980565,0.1563789239693582,0.11592586474714506,0.06230916641187001
1.0,43,scalar_normalized,5,0.7992547750473022,2048,0.12482603956216891,0.19540456815365273,0.22032846071667794,0.5665452350374456,0.3532981145094014,0.11604132570765106,0.1971286180689702,0.11004518522208875,0.057007301865112776
1.0,43,scalar_normalized,6,1.166298747062683,2048,0.11315061558601008,0.08318352169375735,0.15940213520754343,0.7098437887214414,0.2621499876517233,0.1762077498237602,0.18991837984914584,0.08547433420950992,0.046197689741797165
1.0,43,scalar_normalized,7,1.7019013166427612,2048,0.05955408357096303,0.02056093203438801,0.0721401562149091,0.8255330553145527,0.182263958380302,0.1348235179833573,0.09646063106485143,0.040421283964068334,0.024405556312100125
1.0,43,scalar_normalized,8,2.4834699630737305,2048,0.018645809014966295,0.0030231758395682777,0.01776245017840168,1.0497318122045312,0.11451233676430109,0.05320268000745946,0.02601726641442459,0.012401238316113738,0.009933334615765005
1.0,43,scalar_gaussian,0,0.12079870700836182,2048,0.02805386669178864,1.9225080077806485,0.08535338232137402,0.32867902745974076,0.8968229345531045,0.009713785698625781,0.015221762964346585,0.029635707388939805,0.055079586791982826
1.0,43,scalar_gaussian,1,0.17627345025539398,2048,0.04227532261409925,1.3605456563502245,0.14260393556255557,0.2964527062126871,0.8155971840804156,0.014224036581723717,0.02721376608278589,0.04750075775365494,0.0648949381605435
1.0,43,scalar_gaussian,2,0.25722402334213257,2048,0.059351003353611216,0.8970259593908598,0.20439848494766377,0.2903690962719613,0.7022743547090844,0.02103524270555169,0.04919202556439216,0.06864502783423332,0.06358718285657246
1.0,43,scalar_gaussian,3,0.37534967064857483,2048,0.08201442208118495,0.5821275464331991,0.24676506075857502,0.33235832426627265,0.575032982094432,0.03802860712858032,0.09255290161416639,0.08961725851734649,0.0589940846818325
1.0,43,scalar_gaussian,4,0.547722578048706,2048,0.11057794238093574,0.3685931136199934,0.2525193132734877,0.4378989509652902,0.45748840427659515,0.07468784656743012,0.15523247400894108,0.10855905228205846,0.05875796864552138
1.0,43,scalar_gaussian,5,0.7992547750473022,2048,0.1284978003686875,0.20115239799170453,0.22032846071667794,0.5832101760740016,0.35641830758552495,0.13487093262321087,0.2036482682827877,0.11100496127672804,0.05744039828295452
1.0,43,scalar_gaussian,6,1.166298747062683,2048,0.12399412514269853,0.09115520888055496,0.15940213520754343,0.777869913607222,0.27285516113423264,0.20745641633138473,0.20469201359490918,0.09288566845054247,0.05168410918208811
1.0,43,scalar_gaussian,7,1.7019013166427612,2048,0.0691678186101033,0.023880055440944046,0.0721401562149091,0.9587977381702493,0.19176716087875564,0.16477051797175649,0.1088224711359938,0.04696923321382321,0.029419370415770998
1.0,43,scalar_gaussian,8,2.4834699630737305,2048,0.024549079981841297,0.003980314580352148,0.01776245017840168,1.3820773449201194,0.12057512738416024,0.07395461312475503,0.0324286482214276,0.016489099117719314,0.013542256852085547
1.0,43,score,0,0.12079870700836182,2048,0.03585364112659564,2.4570200226320025,0.08535338232137402,0.42006116396886184,0.9034424322763257,0.00948739682575379,0.017155504772608902,0.035242023493310674,0.0860532414265608
1.0,43,score,1,0.17627345025539398,2048,0.05097532555934902,1.640537634777991,0.14260393556255557,0.35746086079782735,0.8244035869682987,0.013444703075395284,0.028031434211574034,0.05567963968294026,0.09484295820180083
1.0,43,score,2,0.25722402334213257,2048,0.06524534453646852,0.9861125250050521,0.20439848494766377,0.31920659565150195,0.7094528049959812,0.02481214779567419,0.049516846089672974,0.07467408459845917,0.08005032195258166
1.0,43,score,3,0.37534967064857483,2048,0.077774910879188,0.5520360553092164,0.24676506075857502,0.31517796984752167,0.571769341649724,0.05162194500992693,0.08530097612930299,0.0834145849397,0.05761922946663892
1.0,43,score,4,0.547722578048706,2048,0.09256778072649324,0.3085592459419232,0.2525193132734877,0.3665770333623509,0.4392343492660478,0.09507349929258382,0.12933704244301297,0.08726405180174275,0.045844447742798576
1.0,43,score,5,0.7992547750473022,2048,0.10042434708620931,0.1572057901005499,0.22032846071667794,0.45579380330417574,0.32855824968209996,0.15717959098069395,0.1615854519282655,0.07806065672208669,0.04464785546785899
1.0,43,score,6,1.166298747062683,2048,0.1009263195088142,0.07419673896471968,0.15940213520754343,0.6331553801171294,0.2500884892963427,0.21014488995936237,0.16077385330199764,0.07055364043589867,0.048594952346086684
1.0,43,score,7,1.7019013166427612,2048,0.08067138215023852,0.02785163847806943,0.0721401562149091,1.1182590443790346,0.20395477210648588,0.1553854978120949,0.0978301943378182,0.06588859867517086,0.06450505602154337
1.0,43,score,8,2.4834699630737305,2048,0.10434936142881399,0.016918894111419634,0.01776245017840168,5.874716628660723,0.20072346312059766,0.12933435140464136,0.09741491297905142,0.10410421991154924,0.10372280997371025
1.0,43,fourier_gaussian,0,0.12079870700836182,2048,0.06836557852819976,4.6850358854628515,0.08535338232137402,0.8009709359939423,0.9356239165109528,0.006541584536217893,0.021755608797113697,0.07881276654507627,0.14610725553747603
1.0,43,fourier_gaussian,1,0.17627345025539398,2048,0.11184094510711985,3.5993743550249655,0.14260393556255557,0.7842767078336276,0.8863780899373659,0.012749213602550075,0.04324328715924669,0.13405660435343314,0.20491747514202738
1.0,43,fourier_gaussian,2,0.25722402334213257,2048,0.15912535281267726,2.405006894656245,0.20439848494766377,0.778505539575899,0.8021455692989441,0.025625394448679468,0.08201686729809204,0.19629662969038295,0.22994892461393956
1.0,43,fourier_gaussian,3,0.37534967064857483,2048,0.18837834084406405,1.3370846074872142,0.24676506075857502,0.7633914633821107,0.680823823519497,0.05144368538891725,0.14082540355692802,0.22700489806741622,0.20306915509694612
1.0,43,fourier_gaussian,4,0.547722578048706,2048,0.19206851122750662,0.64022832273201,0.2525193132734877,0.7606091935609273,0.5382706248427382,0.0985080487748635,0.20188225957572728,0.21400877982608485,0.14371442304306514
1.0,43,fourier_gaussian,5,0.7992547750473022,2048,0.17136101424895378,0.2682511205605611,0.22032846071667794,0.7777525140944375,0.3997637102622219,0.15923168437612792,0.23290937884552776,0.16599583439559526,0.08894867323041332
1.0,43,fourier_gaussian,6,1.166298747062683,2048,0.12723469537795135,0.09353753833645963,0.15940213520754343,0.7981994420105496,0.2765303232421248,0.21312279847261068,0.20467452726393867,0.09926579354609828,0.047508566115052595
1.0,43,fourier_gaussian,7,1.7019013166427612,2048,0.05910775531398851,0.020406838067922303,0.0721401562149091,0.8193460953689035,0.18169145416820015,0.15086853804606712,0.09969710632671931,0.03775417931223652,0.016639761335708683
1.0,43,fourier_gaussian,8,2.4834699630737305,2048,0.015015366917355524,0.002434546790132082,0.01776245017840168,0.8453432249799364,0.11076082369244544,0.050843508470384935,0.025066365214830265,0.008037236268215642,0.003604229311356984
0.0,44,fourier_gaussian,0,0.12079870700836182,2048,0.029401948556834385,2.014890929862933,0.03565451925436876,0.8246345532546132,0.9763492516604486,0.02810697901829361,0.030011014724503723,0.029457916927274043,0.028827155714061733
0.0,44,fourier_gaussian,1,0.17627345025539398,2048,0.05764178158167619,1.8550840231573449,0.07062852952278358,0.8161260325132766,0.9592516757753329,0.05607106739482799,0.058857872757675025,0.05746285731737859,0.05702839681549605
0.0,44,fourier_gaussian,2,0.25722402334213257,2048,0.10542005395585616,1.59330962739376,0.1303109032261315,0.8089887441952445,0.9151774499673043,0.09992227070543104,0.10763172730802646,0.10536691366668559,0.10474326645021188
0.0,44,fourier_gaussian,3,0.37534967064857483,2048,0.1723993805774569,1.2236680558794266,0.2130675386971535,0.8091302017737162,0.8332017044116616,0.1708953855146017,0.1726090024886421,0.17219671866340777,0.17362788389001085
0.0,44,fourier_gaussian,4,0.547722578048706,2048,0.23199657259278833,0.7733218506323508,0.2890845317855631,0.8025215709738444,0.7101283527055782,0.2195522843959941,0.23450282103864084,0.2330685120119187,0.23040496432611043
0.0,44,fourier_gaussian,5,0.7992547750473022,2048,0.24681630143895383,0.38636996707678406,0.30466454971205226,0.8101247804256433,0.5496771457958637,0.23714408643540796,0.24921903148495178,0.24684500368094262,0.24780980344496983
0.0,44,fourier_gaussian,6,1.166298747062683,2048,0.2056882711338876,0.15121327157969652,0.2504236771564499,0.8213611167660705,0.37603663583140223,0.20060143114857007,0.2096338177075529,0.20434761281814678,0.20656469752090229
0.0,44,fourier_gaussian,7,1.7019013166427612,2048,0.11016333805672224,0.03803367914756998,0.13086405695532416,0.8418150913228301,0.23584478745520748,0.1071585776497996,0.11018263691573318,0.11062155550061416,0.11006729663429037
0.0,44,fourier_gaussian,8,2.4834699630737305,2048,0.026457296770534044,0.004289707156861111,0.030352925026432047,0.8716555899470777,0.13563680766810435,0.025975404331210067,0.026396336323930507,0.026500759023005045,0.026669198188118786
0.0,44,score,0,0.12079870700836182,2048,0.006273397057908804,0.42991065054669936,0.03565451925436876,0.1759495623304505,0.953812215014977,0.006128477783855268,0.006294766229280739,0.006211334754952277,0.006550375716668654
0.0,44,score,1,0.17627345025539398,2048,0.012263845922187214,0.3946870483258107,0.07062852952278358,0.17363869820100253,0.9136888201793416,0.012724731798345726,0.012182352794980693,0.012190172221825486,0.012430997751832852
0.0,44,score,2,0.25722402334213257,2048,0.023480809267522128,0.3548869314808518,0.1303109032261315,0.1801906723551393,0.8340877618390957,0.023343317725609783,0.0234066071869384,0.02344610319944147,0.023820220080149217
0.0,44,score,3,0.37534967064857483,2048,0.04153779833779274,0.2948298118430995,0.2130675386971535,0.19495132196947684,0.6992086073762859,0.042674562764476044,0.04126851976909338,0.04140020448012957,0.04190477901849507
0.0,44,score,4,0.547722578048706,2048,0.062107721994737256,0.20702572445254638,0.2890845317855631,0.21484277145899827,0.5402091514123633,0.06108614138476106,0.062013879106846075,0.06211639100946709,0.06280934896755126
0.0,44,score,5,0.7992547750473022,2048,0.07130596160195744,0.1116234295543113,0.30466454971205226,0.23404745208902997,0.3740848520421116,0.07303552058614338,0.07065941363427206,0.07101202081540021,0.07260495708028888
0.0,44,score,6,1.166298747062683,2048,0.0823706918270839,0.06055543043263125,0.2504236771564499,0.32892533470636465,0.2532098132124683,0.08243808310729646,0.08266892148068726,0.08199506620146813,0.08322209631733055
0.0,44,score,7,1.7019013166427612,2048,0.07892688798097999,0.027249355244111664,0.13086405695532416,0.6031212069783602,0.20496890565744036,0.0806886501114984,0.07752978487099561,0.07957761205272623,0.07797357916628964
0.0,44,score,8,2.4834699630737305,2048,0.09964711759163958,0.016156486325900964,0.030352925026432047,3.282949419367804,0.2104566437876691,0.10317428660013417,0.09704797185081562,0.10041793349754882,0.09939631159272805
0.0,44,scalar_gaussian,0,0.12079870700836182,2048,0.029401769012950295,2.0148786258708062,0.03565451925436876,0.8246295175988858,0.9763491072576136,0.028106892709004527,0.0300107318536208,0.029457809276745142,0.02882683646850319
0.0,44,scalar_gaussian,1,0.17627345025539398,2048,0.057641381833628956,1.855071158075882,0.07062852952278358,0.8161203726467902,0.9592512473086166,0.05607085317827478,0.058857337699778876,0.05746250990553487,0.05702793683069243
0.0,44,scalar_gaussian,2,0.25722402334213257,2048,0.10541926597772619,1.5932977179600845,0.1303109032261315,0.8089826972865787,0.915176801187459,0.09992185919533669,0.10763060210293658,0.1053662887827074,0.10474225270430637
0.0,44,scalar_gaussian,3,0.37534967064857483,2048,0.1723981444649774,1.2236592821161474,0.2130675386971535,0.8091244002683012,0.8332005139276281,0.1708944909861408,0.1726074078451087,0.17219565449013743,0.17362644584904866
0.0,44,scalar_gaussian,4,0.547722578048706,2048,0.23199474908253398,0.7733157722652922,0.2890845317855631,0.8025152630948199,0.7101264592015425,0.21955115849025936,0.23450022217929337,0.23306698495905287,0.23040301170604305
0.0,44,scalar_gaussian,5,0.7992547750473022,2048,0.24681467390167244,0.3863674193053356,0.30466454971205226,0.8101194383624367,0.5496755734622378,0.23714336494146115,0.24921696230903653,0.24684352817712252,0.2478078833369979
0.0,44,scalar_gaussian,6,1.166298747062683,2048,0.20568743529510564,0.15121265710656182,0.2504236771564499,0.8213577790673694,0.3760358769090995,0.20060107283422077,0.20963261418651408,0.2043469027761546,0.20656377481579727
0.0,44,scalar_gaussian,7,1.7019013166427612,2048,0.11016319210934233,0.03803362875951967,0.13086405695532416,0.8418139760633516,0.23584458537266403,0.10715848673590841,0.11018248696650682,0.11062140325023377,0.11006715103847897
0.0,44,scalar_gaussian,8,2.4834699630737305,2048,0.02645721196676112,0.004289693407030401,0.030352925026432047,0.8716527960228397,0.1356367523935838,0.025975311794931937,0.026396211836740097,0.02650070616837659,0.026669067531711863
0.0,44,fourier_normalized,0,0.12079870700836182,2048,0.02942356145075728,2.0163720433969274,0.03565451925436876,0.8252407286953393,0.9768059605701539,0.028314663647836025,0.03062408080464251,0.029292861653410152,0.028399113946562297
0.0,44,fourier_normalized,1,0.17627345025539398,2048,0.05665744370883784,1.823405101875155,0.07062852952278358,0.8021892016109595,0.957866298170307,0.0551513920796748,0.05940717090700149,0.05588354419375845,0.05552935554082626
0.0,44,fourier_normalized,2,0.25722402334213257,2048,0.10319911556570052,1.5597425556071607,0.1303109032261315,0.7919453630569709,0.9115872493605095,0.09916126687984565,0.10774707799438962,0.10250661869657467,0.09997319757909262
0.0,44,fourier_normalized,3,0.37534967064857483,2048,0.16767472512813408,1.1901330749009102,0.2130675386971535,0.7869557519339484,0.8283382333489594,0.16702681870994562,0.172310690098073,0.16617633972424908,0.16545352471746855
0.0,44,fourier_normalized,4,0.547722578048706,2048,0.2260390757533363,0.7534635293238374,0.2890845317855631,0.7819134228911542,0.7044657225315378,0.21814750601688834,0.23486661470453785,0.2240969205794772,0.22206690923936134
0.0,44,fourier_normalized,5,0.7992547750473022,2048,0.23879381196909397,0.3738114408600291,0.30466454971205226,0.7837925751282362,0.5426564514811348,0.2323192508592779,0.24592208711803462,0.23656094049523518,0.23815359344434142
0.0,44,fourier_normalized,6,1.166298747062683,2048,0.20365192514645336,0.14971623659014338,0.2504236771564499,0.8132295135145056,0.37423403018518986,0.20306452637415964,0.21182783409020373,0.20036453367085574,0.20186234302776282
0.0,44,fourier_normalized,7,1.7019013166427612,2048,0.10920972128816117,0.037704444804775104,0.13086405695532416,0.8345280119616375,0.23479800072706478,0.10662538090489966,0.11050816786919619,0.10917087304106028,0.10848387651273633
0.0,44,fourier_normalized,8,2.4834699630737305,2048,0.025873630586412733,0.004195073263271821,0.030352925026432047,0.852426267448075,0.13484924781874846,0.025466142472090624,0.02583532539320649,0.025882871646694887,0.026133200321225736
0.0,44,scalar_normalized,0,0.12079870700836182,2048,0.029423547063228615,2.0163710574316283,0.03565451925436876,0.8252403251692516,0.9768059450956161,0.02831462702688803,0.030624056273729675,0.029292853618746763,0.028399105943902974
0.0,44,scalar_normalized,1,0.17627345025539398,2048,0.05665740669959158,1.8234039108075029,0.07062852952278358,0.8021886776124209,0.9578662504576345,0.05515131626141099,0.059407119602982235,0.05588351565516185,0.05552933350484311
0.0,44,scalar_normalized,2,0.25722402334213257,2048,0.10319905189647717,1.5597415933159957,0.1303109032261315,0.7919448744622196,0.9115871830724176,0.0991611494973979,0.10774698358709306,0.1025065777655394,0.09997313249619111
0.0,44,scalar_normalized,3,0.37534967064857483,2048,0.16767461582322385,1.19013229906908,0.2130675386971535,0.7869552389280212,0.8283381313098628,0.16702661627788273,0.17231057195136548,0.1661762320779694,0.16545347660267837
0.0,44,scalar_normalized,4,0.547722578048706,2048,0.22603896852145416,0.7534631718842572,0.2890845317855631,0.7819130519550772,0.7044656243617062,0.21814722039738096,0.23486648679731728,0.22409682442118783,0.2220668960343
0.0,44,scalar_normalized,5,0.7992547750473022,2048,0.2387937033475376,0.3738112708222038,0.30466454971205226,0.7837922185998627,0.5426563416515413,0.2323190319267193,0.24592194556573144,0.23656085491356774,0.23815351761064482
0.0,44,scalar_normalized,6,1.166298747062683,2048,0.20365184693551336,0.14971617909278565,0.2504236771564499,0.8132292012000276,0.37423394834269336,0.20306436005874118,0.21182774797272663,0.2003644647180367,0.2018622928446976
0.0,44,scalar_normalized,7,1.7019013166427612,2048,0.10920968633085644,0.037704432735833335,0.13086405695532416,0.8345277448347767,0.23479795581277862,0.10662532386272938,0.1105081186818845,0.1091708473769641,0.10848384401491486
0.0,44,scalar_normalized,8,2.4834699630737305,2048,0.025873621234369773,0.004195071746959479,0.030352925026432047,0.8524259593379686,0.1348492434455335,0.025466125776092852,0.025835314556546793,0.0258828626694939,0.026133196272406654
0.5,44,fourier_gaussian,0,0.12079870700836182,2048,0.0367114233157245,2.515803118226256,0.044366983209387076,0.8274491673789796,0.9765672594930828,0.009666936143550324,0.026286474564438632,0.042478759298676866,0.04848166692250946
0.5,44,fourier_gaussian,1,0.17627345025539398,2048,0.06991937280620156,2.2502134362064745,0.08511306883112958,0.8214880953819982,0.9457523608509978,0.01960335969243917,0.05159106429060394,0.08063136870000079,0.08998883296500158
0.5,44,fourier_gaussian,2,0.25722402334213257,2048,0.1229960401848995,1.858951571396192,0.15117079354938107,0.813623037208718,0.8948420629139077,0.039942760719213904,0.09638822699800809,0.13976579951010062,0.15308710588066093
0.5,44,fourier_gaussian,3,0.37534967064857483,2048,0.18684794604203578,1.3262220671123401,0.23038681854924384,0.811018387330602,0.8084670661291338,0.07653508602240884,0.1621258700692248,0.20755894752553578,0.2138416644002703
0.5,44,fourier_gaussian,4,0.547722578048706,2048,0.2322648534727192,0.7742161201650373,0.2866495670568944,0.8102745657614026,0.6734378222356097,0.13429135717783333,0.2262031997883574,0.24727942755961838,0.24074912252490213
0.5,44,fourier_gaussian,5,0.7992547750473022,2048,0.2334563434511604,0.36545608700566695,0.2857563444076491,0.8169769386401462,0.5131767121987759,0.20451306574039824,0.26100417290421174,0.2302425078452694,0.21270317988508108
0.5,44,fourier_gaussian,6,1.166298747062683,2048,0.18809018846083847,0.1382759094255386,0.2235586551393334,0.8413460366524877,0.3498088771123522,0.24276264769363873,0.2266419588582086,0.17205170098909042,0.1497699608516731
0.5,44,fourier_gaussian,7,1.7019013166427612,2048,0.09668876281978972,0.033381608138724844,0.11239787459040144,0.8602365762888433,0.22133575996815202,0.17194144261945607,0.12267604440782723,0.08064659798638765,0.06928584058964961
0.5,44,fourier_gaussian,8,2.4834699630737305,2048,0.023537716165664108,0.0038163350688369176,0.027449670339675426,0.8574862967167578,0.1284283582712376,0.052182323888467066,0.030258163537344816,0.01821049844193974,0.015801627948522162
0.5,44,score,0,0.12079870700836182,2048,0.010251911272745464,0.7025549003082269,0.044366983209387076,0.2310707316826623,0.9494896725278277,0.010628262767523142,0.007739736717276275,0.010511878745012485,0.013526815867916573
0.5,44,score,1,0.17627345025539398,2048,0.018884973986285192,0.6077746481527296,0.08511306883112958,0.22188101364027105,0.8948243842446995,0.01760798813542474,0.014066383020494951,0.019921280681492372,0.024245858105163193
0.5,44,score,2,0.25722402334213257,2048,0.032551333667268034,0.49197805702397557,0.15117079354938107,0.21532819206002843,0.8052591478442358,0.032537297242644925,0.027377344967107392,0.033633812035205206,0.03766797109124824
0.5,44,score,3,0.37534967064857483,2048,0.0499423712043223,0.35448436109748355,0.23038681854924384,0.21677616592308388,0.6691959351296568,0.0557259745940896,0.047724520185819255,0.049663560674102526,0.0517253886903984
0.5,44,score,4,0.547722578048706,2048,0.06494464586130676,0.2164821366317443,0.2866495670568944,0.22656460474756793,0.505838708139904,0.07857853326782652,0.06890410545657955,0.06275418526429308,0.05860629805480703
0.5,44,score,5,0.7992547750473022,2048,0.07638334385334926,0.11957164043774726,0.2857563444076491,0.2673023551294585,0.3549272199991452,0.12658476826820947,0.09297675606576758,0.06606394842049197,0.05797864688047743
0.5,44,score,6,1.166298747062683,2048,0.08688295562041508,0.0638726549231618,0.2235586551393334,0.3886360631676957,0.24857753996005566,0.16666058453263535,0.1054030103082831,0.07241838096270126,0.06428145770877965
0.5,44,score,7,1.7019013166427612,2048,0.0821014283469802,0.028345359158402035,0.11239787459040144,0.7304535663701197,0.2070761549222886,0.15210831207342929,0.09029750716451466,0.0717842093213644,0.06761406914232912
0.5,44,score,8,2.4834699630737305,2048,0.1064499007494588,0.017259469289420192,0.027449670339675426,3.8780028842676986,0.21177447743212513,0.1428506838426376,0.10632307136609088,0.10237224634761663,0.1018571901195285
0.5,44,scalar_gaussian,0,0.12079870700836182,2048,0.024258319993193462,1.6624023687925493,0.044366983209387076,0.5467651446731888,0.9624726659550147,0.008188515799870014,0.01794783290951609,0.027680992920997058,0.03147453496654159
0.5,44,scalar_gaussian,1,0.17627345025539398,2048,0.04407843234201452,1.4185750918824276,0.08511306883112958,0.5178808959346688,0.9201485765589265,0.014213114818348116,0.033448365880579305,0.05036160028497628,0.05583175911319186
0.5,44,scalar_gaussian,2,0.25722402334213257,2048,0.07561844931882515,1.142890738404695,0.15117079354938107,0.5002186437165445,0.8471798770290005,0.024305106049993485,0.06216377099170177,0.08519596324578066,0.09186357110345236
0.5,44,scalar_gaussian,3,0.37534967064857483,2048,0.11399147816131844,0.8090964712359423,0.23038681854924384,0.4947829866271339,0.7349663508301272,0.040191663803233135,0.10352619742025165,0.12589180706195724,0.12863952049751579
0.5,44,scalar_gaussian,4,0.547722578048706,2048,0.14486874919306497,0.48289579441941016,0.2866495670568944,0.5053862480256645,0.5844710206031356,0.07042855120972816,0.14718517191634328,0.15403250413807368,0.14748770010572448
0.5,44,scalar_gaussian,5,0.7992547750473022,2048,0.1560892541256175,0.24434447654370556,0.2857563444076491,0.5462319811277629,0.4359950735933748,0.11651770425892612,0.18071784001477098,0.15506437734215495,0.13816105254169855
0.5,44,scalar_gaussian,6,1.166298747062683,2048,0.14136563227210056,0.10392600232845678,0.2235586551393334,0.6323424704089141,0.3040200122785081,0.16652249276245662,0.17211412474299334,0.13067903259878158,0.11309721081729839
0.5,44,scalar_gaussian,7,1.7019013166427612,2048,0.08267958249901963,0.028544965759875758,0.11239787459040144,0.7355973838501774,0.20774476593087618,0.141695489288887,0.10260388578590077,0.0703247472124003,0.06114580618853332
0.5,44,scalar_gaussian,8,2.4834699630737305,2048,0.0243061802856376,0.003940931548357555,0.027449670339675426,0.8854816828348476,0.12955187618171454,0.05907853124080453,0.028750804392523067,0.01899315109239026,0.01715809718390514
0.5,44,fourier_normalized,0,0.12079870700836182,2048,0.03499073506717916,2.3978857924948,0.044366983209387076,0.7886660876184137,0.9743684694681013,0.009542448728053137,0.024423640664205402,0.040609349483278115,0.04668874084449537
0.5,44,fourier_normalized,1,0.17627345025539398,2048,0.06540210882841294,2.1048344419485354,0.08511306883112958,0.7684144130459613,0.9404442511030788,0.018707743180516583,0.04723469297157742,0.07558864286937857,0.08515858933463737
0.5,44,fourier_normalized,2,0.25722402334213257,2048,0.11529362466668752,1.7425379258056366,0.15117079354938107,0.7626712935724982,0.8869033395548629,0.03787973017391018,0.0889569783910976,0.1315549971041932,0.14369019688870224
0.5,44,fourier_normalized,3,0.37534967064857483,2048,0.174152208108031,1.2361093944123447,0.23038681854924384,0.7559122054146816,0.7952245033526828,0.07183921758791445,0.14725994270544887,0.19496340384891514,0.20018115742490178
0.5,44,fourier_normalized,4,0.547722578048706,2048,0.21598679924759562,0.7199559434849201,0.2866495670568944,0.7534872683227405,0.656541888830793,0.12700008365994658,0.20753885760099278,0.23034448820995898,0.22620226808798863
0.5,44,fourier_normalized,5,0.7992547750473022,2048,0.21618203448679546,0.3384146227793397,0.2857563444076491,0.7565257560070072,0.49573676848216724,0.1893722618068095,0.2380239706012311,0.2143802774389273,0.19905288173084845
0.5,44,fourier_normalized,6,1.166298747062683,2048,0.17353145458698316,0.1275729472829339,0.2235586551393334,0.7762233785081115,0.335185436564682,0.22373096143265406,0.20601327006525988,0.15988878202088042,0.13943637518328456
0.5,44,fourier_normalized,7,1.7019013166427612,2048,0.08929722995860007,0.0308296957311101,0.11239787459040144,0.7944743642530219,0.21435740768430095,0.15876614873639175,0.1124127091889466,0.07487733549831839,0.06408435774471946
0.5,44,fourier_normalized,8,2.4834699630737305,2048,0.021455849635152343,0.0034787874413139087,0.027449670339675426,0.7816432536218956,0.1267515481808236,0.04801781974408167,0.027192420766401583,0.01670316361517587,0.014455442527881883
0.5,44,scalar_normalized,0,0.12079870700836182,2048,0.02760800429164641,1.8919534306145485,0.044366983209387076,0.6222646277605182,0.966044295808875,0.010227199814537735,0.01955842524625365,0.0317367709775487,0.035976806490663066
0.5,44,scalar_normalized,1,0.17627345025539398,2048,0.05000751778276327,1.6093907011724136,0.08511306883112958,0.5875421773591758,0.9253840180505766,0.0169408689885548,0.036177361061712744,0.057787662906430684,0.06357316414978101
0.5,44,scalar_normalized,2,0.25722402334213257,2048,0.08546368132104304,1.2916907280122463,0.15117079354938107,0.5653451921129573,0.8568981426959545,0.028543697171217325,0.06684719886533187,0.09774703778251194,0.10377807247110586
0.5,44,scalar_normalized,3,0.37534967064857483,2048,0.1281744216043304,0.9097651324076154,0.23038681854924384,0.5563444228773612,0.7484632682127828,0.04670655602217805,0.11036805955039893,0.1443836496176449,0.14385524030666066
0.5,44,scalar_normalized,4,0.547722578048706,2048,0.15947022577201558,0.5315673793648423,0.2866495670568944,0.556324669907364,0.5993827216855026,0.07531917135203242,0.15462031680969412,0.17299837935547763,0.1637365139563876
0.5,44,scalar_normalized,5,0.7992547750473022,2048,0.16289719807079295,0.2550017348472403,0.2857563444076491,0.5700562778701075,0.4418434795099724,0.11323683146702454,0.18031315390235228,0.166264849524196,0.1468023525483694
0.5,44,scalar_normalized,6,1.166298747062683,2048,0.13999337290898528,0.10291717558977773,0.2235586551393334,0.6262042184040431,0.3024720911358601,0.1564895643870564,0.16621558145630821,0.13243193062036712,0.11277701109404019
0.5,44,scalar_normalized,7,1.7019013166427612,2048,0.0774447197077873,0.026737639517811745,0.11239787459040144,0.6890229907817218,0.20237640480417232,0.12379418378549585,0.09659077404273286,0.06705822151538288,0.05689546957379602
0.5,44,scalar_normalized,8,2.4834699630737305,2048,0.02017117270121719,0.0032704937563788105,0.027449670339675426,0.7348420746628064,0.12546829095882772,0.04310387022000104,0.024430589056319427,0.016255427842751947,0.014651303358135331
1.0,44,fourier_gaussian,0,0.12079870700836182,2048,0.07113426843893282,4.874771888093954,0.08535338232137402,0.8334088996156808,0.9373064548280974,0.006836991800859166,0.023573611811353905,0.08136588378040989,0.15275448706353403
1.0,44,fourier_gaussian,1,0.17627345025539398,2048,0.11699152720973946,3.765135410744436,0.14260393556255557,0.8203948001029691,0.8914994290638846,0.013312154487467517,0.046605568290552034,0.13936955786440533,0.2151825454385972
1.0,44,fourier_gaussian,2,0.25722402334213257,2048,0.16715959659377988,2.526435764068696,0.20439848494766377,0.8178123073494458,0.8120281779671292,0.02696250394128758,0.08921368724189385,0.20496074945629872,0.2408130205456685
1.0,44,fourier_gaussian,3,0.37534967064857483,2048,0.20040183626728378,1.4224257915455654,0.24676506075857502,0.8121159278028782,0.6945489305732325,0.05505936573609146,0.15231531565049283,0.24030201278010987,0.2159008008326759
1.0,44,fourier_gaussian,4,0.547722578048706,2048,0.20478395264466268,0.682613124276393,0.2525193132734877,0.8109635258784113,0.5511781795075741,0.10200278227956909,0.21848351245077652,0.22803988461692823,0.14967408685250908
1.0,44,fourier_gaussian,5,0.7992547750473022,2048,0.18386595138193482,0.2878265380682339,0.22032846071667794,0.834508400702574,0.4119614174048808,0.16900659218437505,0.2534246269735165,0.17716285050034816,0.09378410877042809
1.0,44,fourier_gaussian,6,1.166298747062683,2048,0.13521642004354772,0.09940536294736103,0.15940213520754343,0.8482723262614669,0.2838001375112796,0.21936277785079555,0.21982354500345083,0.10562772219877284,0.0498353020799541
1.0,44,fourier_gaussian,7,1.7019013166427612,2048,0.062130277135478904,0.021450357874084166,0.0721401562149091,0.8612440060483059,0.18439152765677405,0.15256705131526505,0.10682662024314737,0.039696818023780084,0.01717608259949372
1.0,44,fourier_gaussian,8,2.4834699630737305,2048,0.01572858771360984,0.002550186281976228,0.01776245017840168,0.8854965140302027,0.11155773017399051,0.05267755684359639,0.02661593208419258,0.008389107528799641,0.003573028902975421
1.0,44,score,0,0.12079870700836182,2048,0.0335160569188667,2.2968273330611253,0.08535338232137402,0.39267403361558034,0.9012686637386577,0.008734232160365172,0.01673485000321941,0.032807937559194644,0.0797921116601683
1.0,44,score,1,0.17627345025539398,2048,0.04757894801104331,1.531232100604926,0.14260393556255557,0.3336440037461099,0.8205987428792454,0.013342173185925028,0.027113996689909704,0.051794190826569775,0.08705726351502435
1.0,44,score,2,0.25722402334213257,2048,0.06207857477096983,0.9382502391706948,0.20439848494766377,0.30371347804688986,0.7061251992044801,0.024818894103666684,0.04803939243448786,0.07160708048946784,0.07174036658111377
1.0,44,score,3,0.37534967064857483,2048,0.07445954459639664,0.5285040228842577,0.24676506075857502,0.3017426550075696,0.5682973167343669,0.05170295154202196,0.08366882693503457,0.07948510745758162,0.05174457910454987
1.0,44,score,4,0.547722578048706,2048,0.09043326947174314,0.30144420895981977,0.2525193132734877,0.35812416998695296,0.4380230646297808,0.09645637580058523,0.12842763081064906,0.08400790522524117,0.043815166284450036
1.0,44,score,5,0.7992547750473022,2048,0.09958963380895967,0.15589911732582126,0.22032846071667794,0.45200530827936364,0.32809350998409753,0.15811999644293276,0.15987048345984434,0.07698558728401736,0.0452998753938507
1.0,44,score,6,1.166298747062683,2048,0.09978650250677559,0.07335879396702835,0.15940213520754343,0.6260048046210448,0.24921027967697335,0.21373835992750023,0.15703122967938518,0.06929699200809102,0.04989410640565337
1.0,44,score,7,1.7019013166427612,2048,0.08073964509496585,0.027875206127554515,0.0721401562149091,1.1192052988413062,0.20364478727982843,0.15834636838254368,0.09676354529039397,0.06663941583977442,0.06240539788516259
1.0,44,score,8,2.4834699630737305,2048,0.10086323335005813,0.016353663706406053,0.01776245017840168,5.678452709902779,0.19714419594807886,0.1285417841087318,0.08992890461729083,0.10164846290741088,0.10195864457015993
1.0,44,scalar_gaussian,0,0.12079870700836182,2048,0.029044041824846965,1.99036388103063,0.08535338232137402,0.3402799166820342,0.8969918803261602,0.010937534296594022,0.01557747707783319,0.030479256482672624,0.05762185018344839
1.0,44,scalar_gaussian,1,0.17627345025539398,2048,0.044148776642326144,1.4208389807499737,0.14260393556255557,0.30959016992178,0.8170610054970209,0.014453513458621729,0.02760855018761446,0.04961714754364353,0.0693927020366726
1.0,44,scalar_gaussian,2,0.25722402334213257,2048,0.0630829590499237,0.9534304167669827,0.20439848494766377,0.30862733188103664,0.7082850212700952,0.021208436172068922,0.050419710106847135,0.07322033992702985,0.07056225323402258
1.0,44,scalar_gaussian,3,0.37534967064857483,2048,0.08533105514286646,0.6056685702875731,0.24676506075857502,0.3457987726485757,0.5803812994272558,0.03648827956537636,0.09281259437746242,0.0943442046525324,0.06511574034345229
1.0,44,scalar_gaussian,4,0.547722578048706,2048,0.11166515826239208,0.3722171662863251,0.2525193132734877,0.4422044271182324,0.45889226747879597,0.07334941382546889,0.15435722860330386,0.11062166823067533,0.060996742463325045
1.0,44,scalar_gaussian,5,0.7992547750473022,2048,0.13089814820592496,0.20490993875963334,0.22032846071667794,0.5941045826768966,0.3597040003382838,0.13314183425944268,0.20604409145792668,0.1136785217440137,0.06111079013985457
1.0,44,scalar_gaussian,6,1.166298747062683,2048,0.1238099170140179,0.09101978689642423,0.15940213520754343,0.7767142946536818,0.2725818767867612,0.20399066688121198,0.20532385821483773,0.09279101163782064,0.05153391415197575
1.0,44,scalar_gaussian,7,1.7019013166427612,2048,0.06906106244324085,0.02384319808105377,0.0721401562149091,0.9573178943154008,0.19150217626177415,0.16045636989222106,0.10948666145498046,0.0470834539770632,0.029444680934052628
1.0,44,scalar_gaussian,8,2.4834699630737305,2048,0.024248512011002157,0.003931581386374907,0.01776245017840168,1.365155807191917,0.12070164686116204,0.07461299739360744,0.03241277627667738,0.015995240592179744,0.012933020130572407
1.0,44,fourier_normalized,0,0.12079870700836182,2048,0.0510617778762313,3.4992209073020506,0.08535338232137402,0.5982396536316817,0.9173159291770553,0.006042540685851983,0.018788755776171537,0.05922588989407901,0.10260452575912365
1.0,44,fourier_normalized,1,0.17627345025539398,2048,0.08100392328497408,2.60694724860461,0.14260393556255557,0.5680342759505426,0.8545251655185354,0.011254957956620463,0.036355454083938255,0.09861691049916421,0.13259045312673823
1.0,44,fourier_normalized,2,0.25722402334213257,2048,0.11310592155774692,1.709473169200466,0.20439848494766377,0.5533598822256813,0.7578114966683229,0.0211399627298388,0.0675224360195819,0.14102076942231656,0.13977933659717068
1.0,44,fourier_normalized,3,0.37534967064857483,2048,0.1313354696243081,0.9322018341648454,0.24676506075857502,0.5322287896859167,0.625801184849127,0.03919600703773608,0.11130326642956208,0.15868449406589952,0.11481832885038473
1.0,44,fourier_normalized,4,0.547722578048706,2048,0.1389153329154203,0.4630510749825677,0.2525193132734877,0.5501176568026299,0.48550292996112,0.07168857032191137,0.16394486794638682,0.15223732841764212,0.0814390446261469
1.0,44,fourier_normalized,5,0.7992547750473022,2048,0.12751868049622866,0.199619668951197,0.22032846071667794,0.5787662659714485,0.3562517370734146,0.11964195828388564,0.18808932650097118,0.11961108450853039,0.05408662922595949
1.0,44,fourier_normalized,6,1.166298747062683,2048,0.0964549186028863,0.07090955513161884,0.15940213520754343,0.6051043072748108,0.24493146612280173,0.16364825530495347,0.16430004764498574,0.07225767208373934,0.029923544543671673
1.0,44,fourier_normalized,7,1.7019013166427612,2048,0.0451572800796613,0.015590463506493105,0.0721401562149091,0.6259659314451098,0.1680591591827177,0.1169543088048353,0.07898649434379995,0.027796777074969074,0.01071333900271103
1.0,44,fourier_normalized,8,2.4834699630737305,2048,0.01222194002775403,0.001981628889092492,0.01776245017840168,0.6880773713648664,0.1084831821138955,0.04226494131599542,0.020954134485147383,0.006278190064282802,0.002461649027589714
1.0,44,scalar_normalized,0,0.12079870700836182,2048,0.03943976682781342,2.7027742159217696,0.08535338232137402,0.46207620313526815,0.9069732031637757,0.012246055572975293,0.02009753176824115,0.041561200294957405,0.08091927564386364
1.0,44,scalar_normalized,1,0.17627345025539398,2048,0.05686564664716392,1.8301056918615322,0.14260393556255557,0.39876632031812936,0.830642647330077,0.015721771855740967,0.03349064977469572,0.06446612428535475,0.09256598933806587
1.0,44,scalar_normalized,2,0.25722402334213257,2048,0.07944923099092435,1.2007888430779772,0.20439848494766377,0.3886977489645646,0.7251067213816618,0.024804377300155722,0.0615746123865982,0.09282131301681266,0.09106782846235308
1.0,44,scalar_normalized,3,0.37534967064857483,2048,0.09930445108924693,0.7048498909771714,0.24676506075857502,0.40242508718202374,0.5936326437216841,0.036891576045667424,0.10295394489608338,0.11262428739442275,0.07717089997064001
1.0,44,scalar_normalized,4,0.547722578048706,2048,0.11877841813609283,0.39592803075333793,0.2525193132734877,0.4703735987411443,0.46474564456014167,0.06574903526933626,0.1592623643836536,0.1216983847983835,0.06523674123108483
1.0,44,scalar_normalized,5,0.7992547750473022,2048,0.1281766142267933,0.20064960835282863,0.22032846071667794,0.5817524155066676,0.35713397478523634,0.11808484569666589,0.199338769088645,0.11473145400321698,0.05806548227819383
1.0,44,scalar_normalized,6,1.166298747062683,2048,0.114614652035609,0.08425981904428384,0.15940213520754343,0.7190283360155709,0.2632912036067475,0.1811707930284342,0.192242556304346,0.08652323655371472,0.04575698016010765
1.0,44,scalar_normalized,7,1.7019013166427612,2048,0.059223230053934345,0.02044670549828727,0.0721401562149091,0.8209467952565199,0.18185924171608328,0.1318319171438548,0.0961962539256607,0.04047999933051198,0.023963010853838434
1.0,44,scalar_normalized,8,2.4834699630737305,2048,0.018299909270533418,0.0029670926870784633,0.01776245017840168,1.030258161837676,0.11459483997086764,0.05254991441060621,0.02575431497497218,0.01208543186331105,0.009496766478775261
