sigma,linear_log_sigma,bounded_log_sigmoid
0.08500000000000002,0.0,0.0
0.08538966200010902,0.0,0.0
0.08578111031168074,0.0,0.0
0.08617435312362921,0.0,0.0
0.08656939866240865,0.0,0.0
0.08696625519218548,0.0,0.0
0.08736493101501108,0.0,0.0
0.0877654344709957,0.0,0.0
0.08816777393848285,0.0,0.0
0.08857195783422434,0.0,0.0
0.08897799461355672,0.0,0.0
0.08938589277057801,0.0,0.0
0.08979566083832521,0.0,0.0
0.09020730738895315,0.0,0.0
0.09062084103391345,0.0,0.0
0.09103627042413502,0.0,0.0
0.09145360425020485,0.0,0.0
0.0918728512425497,0.0,0.0
0.09229402017161896,0.0,0.0
0.0927171198480681,0.0,0.0
0.09314215912294273,0.0,0.0
0.0935691468878641,0.0,0.0
0.09399809207521492,0.0,0.0
0.0944290036583262,0.0,0.0
0.09486189065166505,0.0,0.0
0.09529676211102331,0.0,0.0
0.09573362713370676,0.0,0.0
0.09617249485872567,0.0,0.0
0.096613374466986,0.0,0.0
0.0970562751814811,0.0,0.0
0.09750120626748517,0.0,0.0
0.09794817703274672,0.0,0.0
0.0983971968276833,0.0,0.0
0.09884827504557739,0.0,0.0
0.09930142112277249,0.0,0.0
0.0997566445388709,0.0,0.0
0.10021395481693185,0.0006283853466252425,7.382963580251604e-08
0.10067336152367068,0.0019731420897550413,7.304062410257474e-07
0.10113487426965902,0.0033178988328845787,2.072265285477031e-06
0.10159850270952595,0.004662655576014378,4.106381177661449e-06
0.10206425654215977,0.0060074123191440456,6.839796648486987e-06
0.10253214551091101,0.0073521690622738445,1.0279623462453159e-05
0.1030021794037963,0.008696925805403512,1.443304313671927e-05
0.10347436805370303,0.01004168254853331,1.9307307668152426e-05
0.10394872133859505,0.011386439291662978,2.490974026843652e-05
0.10442524918171939,0.012731196034792646,3.1247736107347434e-05
0.10490396155181388,0.014075952777922446,3.832876306427806e-05
0.1053848684633155,0.015420709521052114,4.616036248811117e-05
0.10586797997657008,0.01676546626418178,5.4750149965544346e-05
0.10635330619804269,0.01811022300731158,6.410581609795184e-05
0.10684085728052899,0.019454979750441248,7.423512728688642e-05
0.10733064342336772,0.020799736493571048,8.51459265283315e-05
0.10782267487265401,0.022144493236700716,9.684613421578086e-05
0.1083169619214538,0.023489249979830384,0.00010934374895227677
0.10881351491001905,0.024834006722960184,0.0001226468483714841
0.10931234422600408,0.02617876346608985,0.00013676358996791442
0.10981346030468302,0.02752352020921952,0.00015170221193641745
0.1103168736291679,0.028868276952349316,0.00016747103402102402
0.11082259473062804,0.030213033695478984,0.00018407845837325765
0.11133063418851048,0.03155779043860878,0.0002015329704200412
0.11184100263076106,0.032902547181738455,0.00021984313974126901
0.11235371073404692,0.03424730392486812,0.00023901762095720434
0.11286876922397984,0.035592060667997916,0.0002590651546257729
0.11338618887534054,0.03693681741112759,0.0002799945681498838
0.11390598051230408,0.03828157415425726,0.00030181477669490817
0.11442815500866646,0.039626330897387055,0.00032453478411640084
0.11495272328807189,0.04097108764051672,0.0003481636838981971
0.11547969632424136,0.04231584438364639,0.0003727106601010228
0.11600908514120237,0.04366060112677619,0.0003981849883217033
0.11654090081351928,0.04500535786990586,0.00042459603666310545
0.1170751544665252,0.046350114613035655,0.0004519532667149671
0.11761185727655456,0.047694871356165326,0.0004802662345456708
0.11815102047117712,0.04903962809929499,0.0005095445917051668
0.11869265532943266,0.05038438484242479,0.0005397980862391096
0.11923677318206696,0.05172914158555446,0.0005710365637143525
0.11978338541176892,0.05307389832868413,0.0006032699682559703
0.12033250345340868,0.054418655071813926,0.0006365083435958768
0.12088413879427667,0.05576341181494359,0.000670761834133202
0.12143830297432409,0.05710816855807326,0.0007060406860065913
0.12199500758640433,0.05845292530120306,0.0007423552481785006
0.12255426427651529,0.05979768204433273,0.0007797159735316603
0.12311608474404322,0.061142438787462394,0.0008181334199778672
0.1236804807420074,0.0624871955305922,0.0008576182515791941
0.12424746407730593,0.06383195227372199,0.0008981812396817816
0.12481704661096278,0.06517670901685153,0.0009398332640623686
0.12538924025837606,0.06652146575998133,0.0009825853140877172
0.12596405698956697,0.06786622250311113,0.0010264484898869811
0.12654150882943047,0.06921097924624067,0.0010714340035373018
0.12712160785798682,0.07055573598937047,0.0011175531802627306
0.12770436621063408,0.07190049273250027,0.0011648174596465219
0.12828979607840216,0.07324524947562994,0.0012132383968571302
0.1288779097082079,0.0745900062187596,0.0012628276638879503
0.12946871940311105,0.0759347629618894,0.0013135970508109578
0.13006223752257187,0.07727951970501906,0.0013655584670444303
0.13065847648270948,0.07862427644814873,0.0014187239426349438
0.1312574487565618,0.07996903319127853,0.0014731056295537207
0.13185916687434637,0.0813137899344082,0.0015287158030075404
0.13246364342372247,0.082658546677538,0.0015855668627644095
0.13307089105005437,0.08400330342066767,0.0016436713344940479
0.13368092245667615,0.08534806016379734,0.0017030418711235034
0.13429375040515718,0.08669281690692714,0.0017636912542079186
0.13490938771556907,0.08803757365005681,0.0018256323953166993
0.13552784726675415,0.08938233039318653,0.0018888783374352805
0.13614914199659453,0.09072708713631628,0.001953442256382563
0.13677328490228297,0.09207184387944593,0.00201933746224429
0.13740028904059476,0.09341660062257567,0.0020865774008225037
0.13803016752816083,0.0947613573657054,0.002155175655101228
0.13866293354174203,0.09610611410883507,0.0022251459467286174
0.13929860031850508,0.09745087085196481,0.0022965021375157225
0.13993718115629913,0.09879562759509454,0.00236925823095202
0.14057868941393417,0.10014038433822427,0.0024434283737379604
0.14122313851146048,0.10148514108135394,0.002519026857334664
0.1418705419304493,0.10282989782448373,0.002596068119530994
0.14252091321427476,0.10417465456761334,0.002674566746028118
0.14317426596839755,0.10551941131074308,0.002754537472041902
0.14383061386064916,0.10686416805387287,0.002835995183923112
0.14448997062151794,0.10820892479700255,0.0029189549207958216
0.1451523500444364,0.10955368154013222,0.003003431876214117
0.14581776598606982,0.11089843828326201,0.003089441399837308
0.14648623236660582,0.11224319502639174,0.003176998999123805
0.1471577631700459,0.11358795176952148,0.003266120341044019
0.1478323724444977,0.11493270851265108,0.0033568212538122527
0.1485100743024693,0.11627746525578088,0.0034491177286380273
0.14919088292116386,0.1176222219989106,0.0035430259214967916
0.14987481254277665,0.11896697874204028,0.0036385621549205084
0.1505618774747929,0.12031173548517002,0.003735742919808091
0.15125209209028698,0.12165649222829975,0.003834584877256001
0.1519454708282231,0.12300124897142942,0.0039351048604092205
0.1526420281937576,0.12434600571455914,0.004037319876332814
0.15334177875854202,0.12569076245768887,0.004141247107904231
0.15404473716102818,0.12703551920081854,0.00424690391572665
0.15475091810677447,0.12838027594394827,0.004354307840063566
0.1554603363687532,0.12972503268707802,0.004463476602794749
0.15617300678765983,0.1310697894302077,0.00457442810939395
0.15688894427222358,0.13241454617333742,0.004687180450928441
0.15760816379951895,0.13375930291646715,0.004801751906080665
0.15833068041527926,0.13510405965959682,0.00491816094319226
0.15905650923421152,0.13644881640272663,0.005036426222330634
0.1597856654403122,0.13779357314585627,0.00515656659737825
0.16051816428718535,0.13913832988898595,0.005278601118145099
0.16125402109836154,0.1404830866321158,0.005402549032504278
0.16199325126761807,0.14182784337524548,0.00552842978855105
0.16273587025930158,0.14317260011837515,0.005656263036785787
0.16348189360865129,0.14451735686150496,0.005786068632320673
0.16423133692212366,0.1458621136046346,0.005917866637110665
0.16498421587771958,0.14720687034776436,0.006051677322208947
0.16574054622531167,0.1485516270908941,0.0061875211700469415
0.16650034378697418,0.14989638383402376,0.00632541887673927
0.16726362445731383,0.1512411405771535,0.006465391354413906
0.1680304042038023,0.15258589732028321,0.006607459733567606
0.16880069906711026,0.1539306540634129,0.006751645365447059
0.16957452516144308,0.1552754108065426,0.006897969824455881
0.1703518986748777,0.15662016754967237,0.007046454910587713
0.17113283586970146,0.15796492429280204,0.00719712265188566
0.17191735308275222,0.15930968103593177,0.007349995306928415
0.17270546672576015,0.16065443777906155,0.007505095367343135
0.17349719328569094,0.16199919452219122,0.007662445560345456
0.17429254932509095,0.1633439512653209,0.007822068851306915
0.17509155148243347,0.16468870800845062,0.007983988446349894
0.17589421647246678,0.1660334647515803,0.008148227794970375
0.17670056108656407,0.16737822149471002,0.008314810592688918
0.17751060219307438,0.16872297823783983,0.00848376078372986
0.1783243567376756,0.17006773498096944,0.008655102563729117
0.17914184174372927,0.17141249172409928,0.008828860382470976
0.17996307431263597,0.17275724846722895,0.009005058946653668
0.1807880716241939,0.17410200521035862,0.00918372322268466
0.1816168509369579,0.17544676195348843,0.00936487843950525
0.18244942958860014,0.17679151869661802,0.009548550091445035
0.1832858249962736,0.17813627543974783,0.009734763941106702
0.1841260546569757,0.17948103218287756,0.009923546022280759
0.1849701361479147,0.18082578892600723,0.010114922642891199
0.18581808712687745,0.18217054566913696,0.010308920387971836
0.1866699253325985,0.1835153024122667,0.010505566122673681
0.1875256685851314,0.18486005915539636,0.010704886995303711
0.18838533478622155,0.1862048158985261,0.010906910440395195
0.18924894191968042,0.18754957264165584,0.011111664181809755
0.190116508051762,0.1888943293847855,0.011319176235871552
0.1909880513315407,0.19023908612791524,0.011529474914533726
0.19186358999129097,0.19158384287104496,0.011742588828577321
0.1927431423468686,0.19292859961417463,0.011958546890842999
0.1936267267980942,0.19427335635730436,0.012177378319495826
0.1945143618291378,0.19561811310043412,0.012399112641323094
0.19540606600890564,0.19696286984356376,0.012623779695065764
0.19630185799142877,0.19830762658669357,0.012851409634783543
0.19720175651625296,0.1996523833298233,0.013082032933253787
0.19810578040883095,0.20099714007295297,0.013315680385404644
0.19901394858091645,0.20234189681608278,0.013552383111782498
0.1999262800309591,0.20368665355921237,0.013792172562053869
0.20084279384450282,0.2050314103023421,0.014035080518542322
0.2017635091945844,0.2063761670454719,0.014281139099800073
0.20268844534213465,0.20772092378860157,0.014530380764214897
0.20361762163638175,0.2090656805317313,0.014782838313652534
0.20455105751525554,0.21041043727486103,0.015038544897134434
0.20548877250579442,0.2117551940179907,0.015297534014551433
0.20643078622455388,0.21309995076112045,0.015559839520413322
0.20737711837801664,0.21444470750425018,0.0158254956276345
0.2083277887630051,0.21578946424737985,0.016094536911356015
0.20928281726709547,0.21713422099050958,0.016366998312803995
0.21024222386903366,0.21847897773363936,0.016642915143184722
0.2112060286391533,0.21982373447676898,0.01692232308761648
0.21217425173979582,0.2211684912198987,0.01720525820909845
0.21314691342573183,0.22251324796302843,0.017491756952516445
0.21412403404458513,0.2238580047061582,0.017781856148686055
0.21510563403725835,0.2252027614492879,0.018075593018433013
0.2160917339383604,0.22654751819241759,0.01837300517671105
0.2170823543766362,0.2278922749355473,0.01867413063675732
0.21807751607539824,0.22923703167867704,0.018979007814285374
0.21907723985295996,0.2305817884218068,0.01928767553171601
0.22008154662307128,0.23192654516493644,0.01960017302244587
0.2210904573953564,0.23327130190806625,0.019916539935153958
0.2221039932757527,0.23461605865119584,0.02023681633814598
0.22312217546695298,0.2359608153943255,0.02056104272373702
0.22414502526884866,0.23730557213745537,0.0208892600126718
0.225172564078975,0.23865032888058504,0.021221509558583214
0.22620481339295959,0.23999508562371477,0.0215578331524891
0.2272417948049712,0.24133984236684453,0.021898273027326772
0.22828353000817195,0.2426845991099742,0.022242871862525656
0.2293300407951711,0.24402935585310392,0.02259167278861817
0.23038134905848087,0.24537411259623365,0.022944719391888236
0.23143747679097423,0.24671886933936332,0.02330205571905795
0.23249844608634546,0.24806362608249305,0.023663726282012038
0.23356427913957184,0.24940838282562278,0.024029776062559776
0.2346349982473782,0.25075313956875245,0.024400250517234965
0.23571062580870347,0.2520978963118822,0.024775195582133088
0.23679118432516896,0.2534426530550119,0.02515465767778588
0.23787669640154924,0.2547874097981416,0.025538683714072984
0.23896718474624515,0.2561321665412713,0.0259273210951709
0.24006267217175858,0.25747692328440114,0.02632061772453813
0.24116318159516983,0.2588216800275307,0.02671862200993747
0.24226873603861723,0.26016643677066054,0.027121382868494325
0.24337935862977828,0.2615111935137902,0.02752894973179062
0.24449507260235384,0.2628559502569199,0.02794137255099529
0.24561590129655428,0.2642007070000497,0.02835870180202938
0.2467418681595871,0.2655454637431794,0.02878098849076625
0.2478729967461482,0.26689022048630906,0.029208284158266908
0.24900931071891438,0.26823497722943884,0.029640640886049122
0.2501508338490378,0.26957973397256846,0.030078111301390185
0.25129759001664437,0.27092449071569824,0.03052074858266366
0.25244960321133214,0.2722692474588281,0.030968606464708098
0.25360689753267385,0.27361400420195764,0.031421739244228614
0.25476949719072123,0.2749587609450874,0.03188020178523017
0.2559374265065107,0.2763035176882172,0.032344049524481576
0.25711070991257273,0.2776482744313468,0.03281333847701023
0.2582893719534431,0.27899303117447655,0.03328812524162699
0.25947343728617583,0.28033778791760633,0.033768467006479355
0.26066293068085916,0.28168254466073595,0.03425442155463367
0.2618578770211342,0.28302730140386567,0.03474604726968486
0.2630583013047149,0.28437205814699545,0.035243403141392446
0.264264228643911,0.2857168148901251,0.0357465487713427
0.265475684266154,0.28706157163325485,0.036255544378636026
0.26669269351452407,0.2884063283763845,0.03677045080559771
0.26791528184828084,0.28975108511951425,0.037291329523512155
0.2691434748433958,0.291095841862644,0.03781824263837873
0.2703772981930872,0.2924405986057737,0.03835125289668846
0.2716167777083576,0.2937853553489035,0.038890423691220484
0.2728619393185341,0.29513011209203316,0.03943581906685679
0.2741128090718104,0.2964748688351629,0.03998750372641413
0.27536941313579183,0.2978196255782926,0.04054554303649173
0.27663177779804277,0.2991643823214223,0.04111000303333331
0.2778999294666369,0.300509139064552,0.04168095042870252
0.2791738946707089,0.30185389580768174,0.042258452615769146
0.28045370006101017,0.3031986525508114,0.042842577675005836
0.281739372410466,0.30454340929394114,0.04343339438009265
0.28303093861473566,0.30588816603707086,0.04403097220382838
0.28432842569277506,0.3072329227802006,0.044635381324046465
0.285631860787402,0.30857767952333026,0.045246692629533874
0.2869412711658641,0.30992243626646004,0.04586497772595109
0.28825668422040895,0.3112671930095897,0.046490308941750616
0.2895781274688573,0.3126119497527194,0.047122759334092996
0.29090562855517893,0.3139567064958491,0.047762402694757074
0.29223921525007046,0.3153014632389789,0.048409313556042714
0.29357891545153664,0.31664621998210857,0.049063567196664014
0.29492475718547406,0.3179909767252383,0.04972523964762986
0.2962767686062571,0.3193357334683681,0.050394407698109815
0.2976349779973271,0.32068049021149775,0.05107114890128256
0.29899941377178396,0.3220252469546275,0.05175554158016437
0.30037010447298085,0.32337000369775715,0.05244766483341417
0.3017470787751208,0.32471476044088693,0.053147598541113554
0.3031303654838568,0.3260595171840166,0.05385542337051698
0.30451999353689463,0.3274042739271463,0.05457122078177093
0.30591599200459785,0.32874903067027605,0.05529507303359718
0.3073183900905959,0.3300937874134057,0.056027063188937944
0.3087272171323957,0.33143854415653545,0.0567672751205588
0.31014250260199455,0.33278330089966524,0.05751579351660612
0.3115642761064969,0.3341280576427949,0.05827270388611527
0.31299256738873427,0.33547281438592463,0.05903809256446565
0.3144274063278866,0.33681757112905436,0.059812046718778496
0.31586882294010793,0.3381623278721841,0.060594654353254056
0.317316847379154,0.33950708461531376,0.0613860043144427
0.3187715099370134,0.3408518413584435,0.06218618629644698
0.3202328410445408,0.34219659810157327,0.06299529084604871
0.32170087127209374,0.3435413548447029,0.06381340936775788
0.3231756313301725,0.3448861115878326,0.06464063412877737
0.324657152070062,0.34623086833096234,0.06547705826387916
0.32614546448447745,0.34757562507409206,0.06632277578018671
0.3276405997082128,0.3489203818172218,0.0671778815618584
0.32914258901879184,0.3502651385603516,0.0680424713746663
0.3306514638371227,0.3516098953034813,0.0689166418704649
0.3321672557281549,0.352954652046611,0.06980049059154383
0.3336899964015403,0.3542994087897407,0.07069411597485895
0.3352197177122955,0.3556441655328704,0.0715976173561351
0.33675645166146895,0.3569889222760001,0.07251109497383454
0.3383002303968104,0.3583336790191298,0.07343464997298484
0.3398510862134429,0.35967843576225955,0.07436838440885851
0.3414090515545387,0.3610231925053892,0.07531240125049872
0.3429741590119983,0.36236794924851895,0.07626680438408284
0.34454644132713147,0.3637127059916487,0.07723169861611753
0.34612593139134284,0.36505746273477835,0.0782071896764565
0.34771266224681985,0.3664022194779081,0.07919338422113481
0.3493066670872237,0.3677469762210378,0.08019038983501019
0.3509079792583839,0.36909173296416753,0.081198315034204
0.352516632258996,0.3704364897072972,0.08221726926833335
0.3541326597413223,0.371781246450427,0.08324736292252576
0.3557560955118956,0.3731260031935567,0.08428870731920633
0.35738697353222654,0.37447075993668644,0.08534141471965001
0.35902532791951447,0.37581551667981616,0.0864055983252885
0.3606711929473605,0.3771602734229459,0.08748137227876196
0.3623246030464848,0.3785050301660755,0.08856885166470578
0.3639855928054471,0.3798497869092053,0.0896681525102634
0.3656541969713699,0.381194543652335,0.09077939178531144
0.3673304504506653,0.3825393003954647,0.09190268740239098
0.3690143883097659,0.38388405713859436,0.09303815821632977
0.37070604577585753,0.38522881388172414,0.09418592402354671
0.37240545823761667,0.38657357062485387,0.09534610556102484
0.3741126612459505,0.38791832736798354,0.09651882450494396
0.37582769051474113,0.3892630841111133,0.09770420346895729
0.377550581921592,0.39060784085424305,0.09890236600210159
0.3792813715085788,0.3919525975973726,0.10011343658632742
0.3810200954830038,0.39329735434050245,0.10133754063363751
0.38276679021815246,0.3946421110836322,0.1025748044828164
0.38452149225405485,0.39598686782676185,0.10382535539574211
0.38628423829825037,0.3973316245698916,0.1050893215532627
0.38805506522655486,0.3986763813130213,0.10636683205062337
0.38983401008383267,0.400021138056151,0.10765801689243047
0.39162111008477124,0.4013658947992807,0.10896300698713719
0.39341640261466,0.4027106515424105,0.11028193414103445
0.395219925230172,0.40405540828554015,0.11161493105173122
0.39703171566014983,0.4054001650286698,0.1129621313011097
0.3988518118063951,0.40674492177179966,0.11432366934773706
0.4006802517444608,0.4080896785149294,0.11569968051871668
0.4025170737244481,0.40943443525805895,0.11709030100096376
0.4043623161718069,0.4107791920011888,0.11849566783188535
0.40621601768813886,0.41212394874431846,0.11991591888944705
0.4080782170520056,0.4134687054874482,0.12135119288161055
0.40994895321973973,0.4148134622305779,0.12280162933511839
0.41182826532625977,0.41615821897370764,0.12426736858361254
0.41371619268588866,0.41750297571683737,0.12574855175506228
0.41561277479317643,0.41884773245996704,0.12724532075848433
0.4175180513237266,0.4201924892030967,0.12875781826993463
0.4194320621350257,0.4215372459462265,0.1302861877177493
0.4213548472672772,0.42288200268935616,0.13183057326701592
0.42328644694423945,0.4242267594324859,0.13339111980325308
0.4252269015740669,0.4255715161756156,0.13496797291527504
0.4271762517501551,0.4269162729187453,0.13656127887722058
0.4291345382519908,0.42826102966187507,0.13817118462972416
0.4311018020460041,0.4296057864050048,0.13979783776020382
0.43307808428642586,0.4309505431481346,0.1414413864822448
0.4350634263161484,0.4322952998912642,0.14310197961405444
0.43705786966759114,0.4336400566343939,0.1447797665559645
0.43906145606356833,0.4349848133775237,0.14647489726695523
0.4410742274181624,0.4363295701206534,0.14818752224017745
0.4430962258376012,0.4376743268637831,0.14991779247744866
0.44512749362113807,0.43901908360691283,0.15166585946269384
0.4471680732619371,0.4403638403500425,0.15343187513430978
0.44921800744796225,0.4417085970931722,0.15521599185642335
0.45127733906287004,0.44305335383630196,0.15701836238901834
0.45334611118690654,0.4443981105794316,0.1588391398569035
0.45542436709780926,0.4457428673225613,0.1606784777174972
0.45751215027171177,0.44708762406569114,0.16253652972739657
0.45960950438405357,0.44843238080882086,0.1644134499077075
0.4617164733104935,0.44977713755195053,0.16630939250810578
0.46383310112782816,0.45112189429508026,0.16822451196960236
0.4659594321149133,0.45246665103821004,0.17015896288598156
0.46809551075359035,0.4538114077813397,0.17211289996388657
0.4702413817296173,0.4551561645244694,0.17408647798152305
0.4723970899336031,0.45650092126759917,0.17607985174594923
0.47456268046194655,0.4578456780107288,0.17809317604892536
0.4767381986177806,0.4591904347538585,0.18012660562129512
0.47892368991191914,0.4605351914969883,0.18218029508586417
0.48111920006380937,0.46187994824011797,0.184254398908751
0.4833247750024882,0.46322470498324764,0.1863490713491804
0.4855404608675436,0.4645694617263775,0.1884644664076865
0.48776630401007887,0.46591421846950715,0.1906007377726978
0.4900023509936829,0.46725897521263676,0.19275803876547723
0.49224864859540424,0.4686037319557666,0.1949365222833836
0.4945052438067295,0.4699484886988963,0.1971363407414259
0.4967721838345661,0.47129324544202594,0.19935764601208464
0.49904951610223086,0.4726380021851557,0.20160058936336744
0.5013372882504407,0.4739827589282855,0.20386532139507044
0.5036355481383098,0.47532751567141507,0.20615199197321946
0.5059443438443519,0.47667227241454485,0.20846075016266233
0.5082637236674841,0.4780170291576746,0.21079174415777924
0.5105937361280385,0.4793617859008043,0.21314512121129303
0.512934429968777,0.480706542643934,0.2155210275611439
0.5152858541559112,0.4820512993870637,0.21791960835540772
0.5176480578801262,0.4833960561301935,0.22034100757522765
0.5200210905576098,0.4847408128733231,0.22278536795573958
0.5224050018310868,0.4860855696164529,0.22525283090496145
0.5247998415708569,0.4874303263595826,0.2277435364206244
0.5272056598758379,0.4887750831027123,0.23025762300492456
0.5296225070746146,0.49011983984584206,0.2327952275771738
0.5320504337264903,0.49146459658897174,0.23535648538432255
0.5344894906225459,0.4928093533321014,0.23794152990934456
0.5369397287867015,0.49415411007523113,0.24055049277745502
0.5394011994767841,0.49549886681836086,0.24318350366015143
0.5418739541855996,0.4968436235614906,0.24584069017705776
0.5443580446420107,0.4981883803046203,0.24852217779555683
0.5468535228120182,0.49953313704775004,0.2512280897281994
0.5493604408998485,0.5008778937908798,0.25395854682787483
0.5518788513490461,0.5022226505340095,0.2567136674807388
0.5544088068435701,0.5035674072771391,0.2594935674968808
0.5569503603088962,0.504912164020269,0.26229835999873413
0.5595035649131243,0.5062569207633986,0.26512815530721606
0.562068474068091,0.5076016775065283,0.267983060825602
0.5646451414304863,0.508946434249658,0.27086318092112627
0.567233620902976,0.5102911909927877,0.27376861680431747
0.5698339666353305,0.5116359477359175,0.27669946640606824
0.5724462330255561,0.5129807044790472,0.27965582425244895
0.5750704747210337,0.5143254612221768,0.28263778133727163
0.5777067466196624,0.5156702179653067,0.2856454249924189
0.580355103871007,0.5170149747084364,0.28867883875595074
0.5830156018774522,0.518359731451566,0.29173810223800634
0.5856882962953619,0.5197044881946958,0.29482329098452587
0.5883732430362429,0.5210492449378255,0.2979344763388081
0.591070498267915,0.5223940016809552,0.3010717253009413
0.5937801184156856,0.5237387584240849,0.30423510038512913
0.5965021601635305,0.5250835151672146,0.307424659474952
0.5992366804552796,0.5264282719103444,0.3106404556765992
0.6019837364958076,0.5277730286534741,0.31388253717011166
0.6047433857522317,0.5291177853966037,0.31715094705868746
0.6075156859551131,0.5304625421397335,0.32044572321609505
0.6103006950996643,0.5318072988828632,0.3237668981322463
0.6130984714469638,0.533152055625993,0.32711449875699655
0.6159090735251732,0.5344968123691227,0.3304885463422247
0.6187325601307627,0.5358415691122523,0.33388905628226795
0.6215689903297406,0.5371863258553821,0.33731603795278114
0.6244184234588891,0.5385310825985118,0.34076949454809613
0.6272809191270057,0.5398758393416415,0.34424942291716704
0.6301565372161496,0.5412205960847712,0.34775581339818645
0.6330453378828956,0.542565352827901,0.3512886496519661
0.6359473815595914,0.5439101095710307,0.35484790849417763
0.6388627289556218,0.5452548663141603,0.3584335597265592
0.64179144105868,0.54659962305729,0.3620455659671989
0.6447335791360421,0.5479443798004199,0.36568388248000205
0.6476892047358489,0.5492891365435495,0.3693484570034697
0.6506583796883947,0.5506338932866792,0.3730392295789139
0.653641166107419,0.551978650029809,0.3767561323782354
0.6566376263914073,0.5533234067729388,0.3804990895314101
0.6596478232248955,0.5546681635160684,0.38426801695382123
0.6626718195797823,0.5560129202591981,0.38806282217359506
0.665709678716645,0.5573576770023279,0.3918834041590852
0.6687614641860643,0.5587024337454575,0.395729653146682
0.6718272398299534,0.5600471904885872,0.3996014504691037
0.6749070697828929,0.5613919472317169,0.40349866838434884
0.6780010184734729,0.5627367039748467,0.40742116990549554
0.6811091506256415,0.5640814607179764,0.4113688086315287
0.6842315312600572,0.5654262174611061,0.41534142857938844
0.6873682256954508,0.5667709742042358,0.41933886401744885
0.6905192995499903,0.5681157309473656,0.42336093930062074
0.6936848187426552,0.5694604876904953,0.42740746870730234
0.6968648494946144,0.570805244433625,0.4314782562783852
0.7000594583306111,0.5721500011767547,0.43557309565854996
0.7032687120803562,0.5734947579198845,0.439691769940074
0.7064926778799248,0.5748395146630142,0.44383405150939154
0.7097314231731606,0.5761842714061438,0.44799970189664556
0.7129850157130885,0.5775290281492735,0.45218847162847964
0.7162535235633299,0.5788737848924033,0.45640010008431764
0.7195370150995276,0.580218541635533,0.46063431535639676
0.7228355590107765,0.5815632983786627,0.4648908341138078
0.7261492243010594,0.5829080551217924,0.4691693614708103
0.7294780802906919,0.5842528118649222,0.4734695908596992
0.7328221966177711,0.5855975686080518,0.4777912039084912
0.7361816432396343,0.5869423253511816,0.4821338703237138
0.7395564904343201,0.5882870820943114,0.48649724777857356
0.7429468088020403,0.5896318388374411,0.49088098180679846
0.746352669266657,0.5909765955805707,0.4952847057024306
0.7497741430771646,0.5923213523237005,0.49970804042586897
0.7532113018091817,0.5936661090668301,0.5041505945164457
0.7566642173664485,0.5950108658099599,0.5086119640118396
0.7601329619823302,0.5963556225530896,0.5130917323746098
0.7636176082213281,0.5977003792962194,0.5175894704261523
0.7671182289805982,0.599045136039349,0.5221047362883726
0.7706348974914766,0.6003898927824788,0.52663707533337
0.77416768732101,0.6017346495256085,0.5311860201414177
0.7777166723734954,0.6030794062687382,0.5357510904675465
0.7812819268920269,0.6044241630118679,0.5403317932170068
0.7848635254600478,0.6057689197549977,0.5449276224299037
0.7884615430029108,0.6071136764981274,0.5495380592752817
0.7920760547894468,0.608458433241257,0.5541625720549466
0.7957071364335375,0.6098031899843869,0.5588006162172907
0.7993548638956985,0.6111479467275165,0.5634516343813889
0.8030193134846688,0.6124927034706462,0.5681150563716393
0.8067005618590053,0.6138374602137759,0.5727902992631871
0.8103986860286881,0.6151822169569057,0.5774767674383919
0.8141137633567309,0.6165269737000353,0.5821738526545749
0.8178458715607999,0.6178717304431651,0.5868809341232695
0.8215950887148386,0.6192164871862947,0.5915973786012032
0.8253614932507014,0.6205612439294245,0.5963225404932188
0.829145163959796,0.6219060006725542,0.601055761967328
0.8329461799947288,0.6232507574156839,0.6057963730820863
0.8367646208709628,0.6245955141588136,0.6105436919264662
0.8406005664684809,0.6259402709019434,0.6152970247723776
0.844454097033456,0.6272850276450732,0.6200556662399928
0.8483252931799299,0.6286297843882027,0.6248188994759896
0.8522142358915012,0.6299745411313326,0.6295859963448456
0.8561210065230171,0.6313192978744623,0.634356217633258
0.8600456868022772,0.632664054617592,0.6391288132677873
0.8639883588317417,0.6340088113607216,0.6439030225457764
0.8679491050902509,0.6353535681038515,0.6486780743795871
0.8719280084347485,0.6366983248469811,0.6534531875541788
0.875925152102016,0.6380430815901108,0.6582275709980365
0.8799406197104144,0.6393878383332405,0.6630004240674211
0.8839744952616324,0.6407325950763703,0.6677709368439076
0.888026863142444,0.6420773518194999,0.6725382904451563
0.8920978081264748,0.6434221085626297,0.6773016573488239
0.8961874153759739,0.6447668653057593,0.6820602017295115
0.9002957704435967,0.6461116220488892,0.6868130798086296
0.9044229592741934,0.6474563787920189,0.6915594402170147
0.9085690682066085,0.6488011355351485,0.696298424370131
0.9127341839754859,0.6501458922782783,0.701029166855657
0.9169183937130828,0.651490649021408,0.7057507958332243
0.9211217849510943,0.6528354057645377,0.7104624334460752
0.925344445622483,0.6541801625076674,0.7151631962443535
0.9295864640633182,0.6555249192507971,0.7198521956197356
0.9338479290146262,0.6568696759939268,0.7245285382510873
0.9381289296242439,0.6582144327370566,0.7291913265607894
0.942429555448685,0.6595591894801862,0.7338396591813693
0.9467498964550142,0.660903946223316,0.7384726314320491
0.9510900430227278,0.6622487029664457,0.7430893358047794
0.9554500859456456,0.6635934597095755,0.7476888624593366
0.959830116433809,0.6649382164527052,0.7522702997270048
0.9642302261153909,0.6662829731958348,0.7568327346223681
0.9686505070386108,0.6676277299389647,0.761375253362703
0.9730910516736608,0.6689724866820943,0.7658969418944377
0.9775519529146414,0.670317243425224,0.7703968864261432
0.9820333040815025,0.6716620001683538,0.774874173967477
0.986535198921997,0.6730067569114835,0.7793278928734961
0.9910577316136429,0.6743515136546131,0.7837571333937428
0.9956009967656907,0.6756962703977429,0.7881609882254715
1.0001650894211054,0.6770410271408726,0.7925385530703896
1.0047501050585528,0.6783857838840024,0.7968889271942599
1.009356139594398,0.679730540627132,0.8012112139886951
1.0139832893847118,0.6810752973702617,0.805504521534477
1.0186316512272853,0.6824200541133914,0.8097679631657081
1.0233013223636567,0.6837648108565212,0.814000658034098
1.027992400481144,0.685109567599651,0.8182017316726835
1.032704983714889,0.6864543243427805,0.8223703165582705
1.0374391706499113,0.6877990810859104,0.826505552671881
1.0421950603231687,0.6891438378290401,0.8306065880564776
1.0469727522256305,0.6904885945721698,0.8346725793712555
1.0517723463043582,0.6918333513152994,0.838702692441769
1.0565939429645972,0.6931781080584293,0.8426961028051699
1.0614376430718753,0.6945228648015589,0.8466519962498398
1.0663035479541152,0.6958676215446886,0.8505695693487016
1.0711917594037519,0.6972123782878183,0.8544480299854927
1.0761023796798643,0.6985571350309481,0.8582865978732994
1.0810355115103127,0.6999018917740777,0.8620845050646595
1.0859912580938889,0.7012466485172075,0.8658409964525419
1.0909697231024742,0.7025914052603371,0.8695553302615324
1.0959710106832095,0.703936162003467,0.8732267785285689
1.1009952254606719,0.7052809187465967,0.8768546275725716
1.1060424725390658,0.7066256754897263,0.8804381784523514
1.1111128575044196,0.707970432232856,0.8839767474121716
1.1162064864267962,0.7093151889759858,0.8874696663143791
1.1213234658625104,0.7106599457191155,0.8909162830585304
1.1264639028563592,0.7120047024622452,0.8943159619864648
1.1316279049438607,0.713349459205375,0.8976680842727879
1.1368155801535027,0.7146942159485046,0.900972048300276
1.142027037009005,0.7160389726916344,0.9042272700197135
1.1472623845315875,0.717383729434764,0.9074331832937105
1.152521732242251,0.7187284861778939,0.9105892402240862
1.15780519016407,0.7200732429210235,0.913694911462409
1.1631128688244925,0.7214179996641532,0.9167496865033353
1.1684448792576534,0.7227627564072828,0.9197530739604056
1.1738013330066968,0.7241075131504127,0.9227046018239876
1.1791823421261085,0.7254522698935424,0.9256038177010962
1.1845880191840623,0.7267970266366721,0.9284502890368405
1.1900184772647733,0.7281417833798018,0.9312436033172846
1.1954738299708636,0.7294865401229316,0.9339833682535471
1.2009541914257391,0.7308312968660613,0.936669211946979
1.2064596762759774,0.7321760536091909,0.9393007830353168
1.2119903996937251,0.7335208103523208,0.9418777508197185
1.2175464773791085,0.7348655670954504,0.9443998053726329
1.223128025562652,0.7362103238385801,0.9468666576264874
1.2287351610077124,0.7375550805817098,0.949278039443201
1.2343680010129185,0.7388998373248395,0.9516337036645742
1.2400266634146273,0.7402445940679692,0.9539334241436298
1.245711266589388,0.741589350811099,0.9561769957570091
1.251421929456418,0.7429341075542287,0.9583642343985705
1.2571587714800916,0.7442788642973585,0.9604949769543482
1.262921912672439,0.7456236210404882,0.9625690812590758
1.2687114735956557,0.7469683777836178,0.9645864260344997
1.2745275753646268,0.7483131345267476,0.9665469108097313
1.280370339649458,0.7496578912698773,0.9684504558239226
1.2862398886780235,0.7510026480130071,0.970297001911572
1.2921363452385206,0.7523474047561367,0.9720865103707844
1.2980598326820405,0.7536921614992664,0.9738189628148501
1.3040104749251469,0.7550369182423962,0.9754943610075102
1.3099883964524697,0.7563816749855259,0.9771127266823131
1.315993722319308,0.7577264317286555,0.9786741013464807
1.3220265781542473,0.7590711884717853,0.9801785460697205
1.3280870901617867,0.760415945214915,0.9816261412584409
1.3341753851249796,0.7617607019580448,0.9830169864158427
1.3402915904080854,0.7631054587011745,0.9843511998883764
1.3464358339592348,0.7644502154443041,0.985628918599066
1.3526082443131053,0.7657949721874339,0.9868502977682138
1.358808950593611,0.7671397289305636,0.9880155106220166
1.3650380825166033,0.7684844856736934,0.9891247480896274
1.371295770392584,0.769829242416823,0.9901782184892066
1.3775821451294334,0.7711739991599528,0.9911761472035249
1.3838973382351463,0.7725187559030824,0.9921187763456637
1.3902414818205844,0.7738635126462122,0.9930063644153931
1.39661470860224,0.7752082693893418,0.9938391859467833
1.4030171519050119,0.7765530261324717,0.9946175311476291
1.4094489456649948,0.7778977828756013,0.9953417055312552
1.4159102244322814,0.779242539618731,0.9960120295412788
1.4224011233737763,0.7805872963618609,0.996628838169895
1.4289217782760248,0.7819320531049905,0.9971924805702622
1.4354723255480526,0.7832768098481202,0.9977033196635479
1.4420529022242194,0.7846215665912499,0.9981617317411983
1.4486636459670863,0.7859663233343797,0.9985681060629898
1.455304695070295,0.7873110800775093,0.9989228444514122
1.461976188461461,0.7886558368206391,0.9992263608829238
1.4686782657050805,0.7900005935637687,0.99947908107662
1.4754110670054483,0.7913453503068986,0.9996814420808341
1.4821747332095931,0.7926901070500282,0.9998338918581927
1.4889694058102223,0.7940348637931579,0.9999368888696287
1.4957952269486827,0.7953796205362876,0.9999909016578484
1.5026523394179336,0.7967243772794174,1.0
1.5095408866655344,0.798069134022547,1.0
1.5164610127966454,0.7994138907656768,1.0
1.5234128625770416,0.8007586475088065,1.0
1.530396581436142,0.8021034042519362,1.0
1.5374123154700527,0.803448160995066,1.0
1.5444602114446206,0.8047929177381956,1.0
1.5515404167985065,0.8061376744813255,1.0
1.5586530796462672,0.8074824312244551,1.0
1.5657983487814557,0.8088271879675848,1.0
1.572976373679733,0.8101719447107145,1.0
1.580187304501995,0.8115167014538442,1.0
1.587431292097514,0.812861458196974,1.0
1.5947084880070945,0.8142062149401037,1.0
1.6020190444662432,0.8155509716832333,1.0
1.6093631144083544,0.8168957284263632,1.0
1.6167408514679076,0.8182404851694929,1.0
1.624152409983683,0.8195852419126225,1.0
1.6315979450019902,0.8209299986557523,1.0
1.6390776122799104,0.822274755398882,1.0
1.6465915682885564,0.8236195121420118,1.0
1.6541399702163437,0.8249642688851414,1.0
1.661722975972282,0.8263090256282711,1.0
1.6693407441892758,0.8276537823714009,1.0
1.6769934342274433,0.8289985391145306,1.0
1.684681206177452,0.8303432958576602,1.0
1.6924042208638657,0.8316880526007899,1.0
1.7001626398485097,0.8330328093439197,1.0
1.7079566254338507,0.8343775660870495,1.0
1.7157863406663916,0.8357223228301792,1.0
1.7236519493400833,0.8370670795733088,1.0
1.7315536159997498,0.8384118363164387,1.0
1.7394915059445313,0.8397565930595683,1.0
1.7474657852313429,0.841101349802698,1.0
1.7554766206783463,0.8424461065458277,1.0
1.763524179868442,0.8437908632889575,1.0
1.771608631152773,0.8451356200320871,1.0
1.7797301436542479,0.8464803767752168,1.0
1.7878888872710788,0.8478251335183465,1.0
1.7960850326803341,0.8491698902614764,1.0
1.8043187513415113,0.850514647004606,1.0
1.8125902155001223,0.8518594037477357,1.0
1.8208995981912963,0.8532041604908653,1.0
1.8292470732434012,0.8545489172339952,1.0
1.8376328152816785,0.855893673977125,1.0
1.8460569997318972,0.8572384307202546,1.0
1.854519802824024,0.8585831874633844,1.0
1.8630214015959083,0.859927944206514,1.0
1.8715619738969878,0.8612727009496438,1.0
1.8801416983920074,0.8626174576927734,1.0
1.8887607545647576,0.8639622144359033,1.0
1.8974193227218294,0.8653069711790329,1.0
1.9061175839963855,0.8666517279221626,1.0
1.9148557203519498,0.8679964846652922,1.0
1.923633914586215,0.8693412414084221,1.0
1.9324523503348643,0.8706859981515519,1.0
1.941311212075415,0.8720307548946815,1.0
1.950210685131078,0.8733755116378111,1.0
1.9591509556746327,0.874720268380941,1.0
1.9681322107323225,0.8760650251240707,1.0
1.9771546381877685,0.8774097818672003,1.0
1.9862184267858987,0.8787545386103301,1.0
1.9953237661368959,0.8800992953534598,1.0
2.0044708467201655,0.8814440520965895,1.0
2.0136598598883206,0.8827888088397192,1.0
2.022890997871183,0.884133565582849,1.0
2.0321644537798065,0.8854783223259787,1.0
2.041480421610516,0.8868230790691084,1.0
2.050839096248964,0.888167835812238,1.0
2.0602406734742127,0.8895125925553677,1.0
2.069685349962823,0.8908573492984975,1.0
2.079173323292974,0.8922021060416272,1.0
2.0887047919485933,0.893546862784757,1.0
2.0982799553235103,0.8948916195278867,1.0
2.107899013725628,0.8962363762710164,1.0
2.117562168381112,0.8975811330141461,1.0
2.1272696214386007,0.8989258897572758,1.0
2.137021575973435,0.9002706465004056,1.0
2.146818235991905,0.9016154032435353,1.0
2.1566598064355174,0.9029601599866649,1.0
2.1665464931852862,0.9043049167297946,1.0
2.1764785030660363,0.9056496734729244,1.0
2.18645604385073,0.9069944302160541,1.0
2.196479324264816,0.9083391869591838,1.0
2.2065485539905936,0.9096839437023135,1.0
2.216663943671601,0.9110287004454432,1.0
2.2268257049170197,0.912373457188573,1.0
2.2370340503061032,0.9137182139317026,1.0
2.2472891933926236,0.9150629706748324,1.0
2.257591348709338,0.9164077274179622,1.0
2.267940731772478,0.9177524841610918,1.0
2.2783375590862565,0.9190972409042216,1.0
2.2887820481473975,0.9204419976473512,1.0
2.299274417449688,0.9217867543904811,1.0
2.3098148864885464,0.9231315111336107,1.0
2.320403675765613,0.9244762678767404,1.0
2.331041006793367,0.92582102461987,1.0
2.3417271020997585,0.9271657813629999,1.0
2.35246218523286,0.9285105381061297,1.0
2.3632464807655498,0.9298552948492593,1.0
2.3740802143002053,0.9312000515923889,1.0
2.384963612473422,0.9325448083355187,1.0
2.395896902960758,0.9338895650786483,1.0
2.4068803144814956,0.9352343218217781,1.0
2.4179140768034237,0.936579078564908,1.0
2.4289984207476465,0.9379238353080376,1.0
2.4401335781934126,0.9392685920511673,1.0
2.4513197820829657,0.940613348794297,1.0
2.4625572664264155,0.9419581055374268,1.0
2.473846266306635,0.9433028622805564,1.0
2.4851870178841793,0.9446476190236862,1.0
2.4965797584022225,0.9459923757668158,1.0
2.5080247261915245,0.9473371325099456,1.0
2.5195221606754146,0.9486818892530753,1.0
2.5310723023748,0.950026645996205,1.0
2.5426753929131984,0.9513714027393348,1.0
2.5543316750217926,0.9527161594824645,1.0
2.566041392544508,0.9540609162255942,1.0
2.5778047904431123,0.9554056729687238,1.0
2.5896221148023435,0.9567504297118536,1.0
2.6014936128350543,0.9580951864549834,1.0
2.613419532887385,0.9594399431981131,1.0
2.6254001244439595,0.9607846999412427,1.0
2.637435638133104,0.9621294566843726,1.0
2.6495263257320887,0.9634742134275022,1.0
2.661672440172398,0.964818970170632,1.0
2.6738742355450165,0.9661637269137616,1.0
2.686131967105751,0.9675084836568913,1.0
2.6984458912805644,0.968853240400021,1.0
2.7108162656709447,0.9701979971431508,1.0
2.7232433490592904,0.9715427538862806,1.0
2.7357274014143256,0.9728875106294103,1.0
2.7482686838965384,0.97423226737254,1.0
2.7608674588636455,0.9755770241156696,1.0
2.773523989876077,0.9769217808587993,1.0
2.7862385417024935,0.978266537601929,1.0
2.7990113803253243,0.9796112943450589,1.0
2.8118427729463296,0.9809560510881885,1.0
2.824732987992192,0.9823008078313182,1.0
2.8376822951201324,0.9836455645744479,1.0
2.8506909652235497,0.9849903213175777,1.0
2.863759270437687,0.9863350780607073,1.0
2.8768874841453274,0.9876798348038371,1.0
2.890075880982512,0.9890245915469669,1.0
2.9033247368442816,0.9903693482900965,1.0
2.916634328890454,0.9917141050332261,1.0
2.9300049355514197,0.9930588617763559,1.0
2.9434368365339636,0.9944036185194858,1.0
2.956930312827121,0.9957483752626154,1.0
2.970485646708052,0.9970931320057451,1.0
2.9841031217479506,0.9984378887488747,1.0
2.997783022817972,0.9997826454920046,1.0
3.0115256360951967,1.0,1.0
3.0253312490686133,1.0,1.0
3.039200150545135,1.0,1.0
3.0531326306556408,1.0,1.0
3.067128980861045,1.0,1.0
3.0811894939583935,1.0,1.0
3.09531446408699,1.0,1.0
3.1095041867345485,1.0,1.0
3.123758958743376,1.0,1.0
3.13807907831658,1.0,1.0
3.1524648450243102,1.0,1.0
3.1669165598100224,1.0,1.0
3.181434524996774,1.0,1.0
3.1960190442935517,1.0,1.0
3.210670422801621,1.0,1.0
3.2253889670209124,1.0,1.0
3.240174984856428,1.0,1.0
3.2550287856246913,1.0,1.0
3.269950680060208,1.0,1.0
3.284940980321973,1.0,1.0
3.3000000000000003,1.0,1.0
