spectrum_lambda,seed,method,band,score_error
0.0,42,scalar_gate_s1p5_p4_linear_sigma,0,0.04010178491700385
0.0,42,scalar_gate_s1p5_p4_linear_sigma,1,0.040427423199204005
0.0,42,scalar_gate_s1p5_p4_linear_sigma,2,0.04074244055179663
0.0,42,scalar_gate_s1p5_p4_linear_sigma,3,0.040656817889844446
0.0,42,fourier_gate_s1p5_p4_linear_sigma,0,0.040101777228883605
0.0,42,fourier_gate_s1p5_p4_linear_sigma,1,0.04042741821640001
0.0,42,fourier_gate_s1p5_p4_linear_sigma,2,0.04074243700132374
0.0,42,fourier_gate_s1p5_p4_linear_sigma,3,0.04065681200854224
0.0,42,scalar_gate_s1p5_p4_tanh_sigma,0,0.039472730356675784
0.0,42,scalar_gate_s1p5_p4_tanh_sigma,1,0.03979718671180785
0.0,42,scalar_gate_s1p5_p4_tanh_sigma,2,0.04004516147100859
0.0,42,scalar_gate_s1p5_p4_tanh_sigma,3,0.04007635817691388
0.0,42,fourier_gate_s1p5_p4_tanh_sigma,0,0.039472729586400274
0.0,42,fourier_gate_s1p5_p4_tanh_sigma,1,0.03979718235407165
0.0,42,fourier_gate_s1p5_p4_tanh_sigma,2,0.040045160080661814
0.0,42,fourier_gate_s1p5_p4_tanh_sigma,3,0.0400763571386067
0.0,42,score,0,0.05420611489671375
0.0,42,score,1,0.05418509761916696
0.0,42,score,2,0.053448885224838635
0.0,42,score,3,0.05393047134836055
0.0,42,scalar_gaussian,0,0.14670938278766088
0.0,42,scalar_gaussian,1,0.13690111881475792
0.0,42,scalar_gaussian,2,0.140099413852192
0.0,42,scalar_gaussian,3,0.13690213332210882
0.0,42,fourier_gaussian,0,0.14670969609244705
0.0,42,fourier_gaussian,1,0.1369014579619428
0.0,42,fourier_gaussian,2,0.14009978306693013
0.0,42,fourier_gaussian,3,0.1369025607941791
0.0,42,scalar_normalized,0,0.11702531539110803
0.0,42,scalar_normalized,1,0.11752669113177101
0.0,42,scalar_normalized,2,0.1205094237582268
0.0,42,scalar_normalized,3,0.1169952579921128
0.0,42,fourier_normalized,0,0.11702536424868695
0.0,42,fourier_normalized,1,0.11752674188279741
0.0,42,fourier_normalized,2,0.12050946796714022
0.0,42,fourier_normalized,3,0.11699531396920186
0.0,42,scalar_gate_s1p5_p4,0,0.0392804364042794
0.0,42,scalar_gate_s1p5_p4,1,0.03955051038228118
0.0,42,scalar_gate_s1p5_p4,2,0.0394680548806698
0.0,42,scalar_gate_s1p5_p4,3,0.0397365778401748
0.0,42,fourier_gate_s1p5_p4,0,0.039280425215858575
0.0,42,fourier_gate_s1p5_p4,1,0.03955050183845457
0.0,42,fourier_gate_s1p5_p4,2,0.03946804823903069
0.0,42,fourier_gate_s1p5_p4,3,0.03973657507470137
0.0,42,scalar_gate_s1p5_p4_plateau_lo0p8_hi1,0,0.06059063814175664
0.0,42,scalar_gate_s1p5_p4_plateau_lo0p8_hi1,1,0.0609582880606872
0.0,42,scalar_gate_s1p5_p4_plateau_lo0p8_hi1,2,0.06075448806093295
0.0,42,scalar_gate_s1p5_p4_plateau_lo0p8_hi1,3,0.06071271738695863
0.0,42,fourier_gate_s1p5_p4_plateau_lo0p8_hi1,0,0.06059063320445151
0.0,42,fourier_gate_s1p5_p4_plateau_lo0p8_hi1,1,0.06095827349817303
0.0,42,fourier_gate_s1p5_p4_plateau_lo0p8_hi1,2,0.060754479392526504
0.0,42,fourier_gate_s1p5_p4_plateau_lo0p8_hi1,3,0.06071270648918915
0.0,42,scalar_gate_s1p5_p4_cap_lo1_hi2_d0p5,0,0.040336258224436386
0.0,42,scalar_gate_s1p5_p4_cap_lo1_hi2_d0p5,1,0.04064891395216614
0.0,42,scalar_gate_s1p5_p4_cap_lo1_hi2_d0p5,2,0.04099690693810988
0.0,42,scalar_gate_s1p5_p4_cap_lo1_hi2_d0p5,3,0.04091587848659548
0.0,42,fourier_gate_s1p5_p4_cap_lo1_hi2_d0p5,0,0.04033626074797587
0.0,42,fourier_gate_s1p5_p4_cap_lo1_hi2_d0p5,1,0.040648913346633134
0.0,42,fourier_gate_s1p5_p4_cap_lo1_hi2_d0p5,2,0.04099690643299557
0.0,42,fourier_gate_s1p5_p4_cap_lo1_hi2_d0p5,3,0.0409158687816049
0.0,43,scalar_gate_s1p5_p4_linear_sigma,0,0.04044368638878156
0.0,43,scalar_gate_s1p5_p4_linear_sigma,1,0.04077017891006665
0.0,43,scalar_gate_s1p5_p4_linear_sigma,2,0.04103641695398264
0.0,43,scalar_gate_s1p5_p4_linear_sigma,3,0.04047405317267529
0.0,43,fourier_gate_s1p5_p4_linear_sigma,0,0.04044368962538863
0.0,43,fourier_gate_s1p5_p4_linear_sigma,1,0.04077017959712695
0.0,43,fourier_gate_s1p5_p4_linear_sigma,2,0.04103641685090513
0.0,43,fourier_gate_s1p5_p4_linear_sigma,3,0.04047405352682181
0.0,43,scalar_gate_s1p5_p4_tanh_sigma,0,0.03940042032754305
0.0,43,scalar_gate_s1p5_p4_tanh_sigma,1,0.039891745141438596
0.0,43,scalar_gate_s1p5_p4_tanh_sigma,2,0.04003810364959603
0.0,43,scalar_gate_s1p5_p4_tanh_sigma,3,0.03951062168818447
0.0,43,fourier_gate_s1p5_p4_tanh_sigma,0,0.039400423672754675
0.0,43,fourier_gate_s1p5_p4_tanh_sigma,1,0.03989174819441847
0.0,43,fourier_gate_s1p5_p4_tanh_sigma,2,0.04003811033238411
0.0,43,fourier_gate_s1p5_p4_tanh_sigma,3,0.03951062234629924
0.0,43,score,0,0.05428907429459169
0.0,43,score,1,0.0538037587728962
0.0,43,score,2,0.05407837276404687
0.0,43,score,3,0.05373497229341591
0.0,43,scalar_gaussian,0,0.12356767244410537
0.0,43,scalar_gaussian,1,0.1269596234652644
0.0,43,scalar_gaussian,2,0.13100349222634844
0.0,43,scalar_gaussian,3,0.13100863426451193
0.0,43,fourier_gaussian,0,0.12356767454746266
0.0,43,fourier_gaussian,1,0.12695962857557253
0.0,43,fourier_gaussian,2,0.13100349954950385
0.0,43,fourier_gaussian,3,0.13100863880577737
0.0,43,scalar_normalized,0,0.11957471728070877
0.0,43,scalar_normalized,1,0.12920235927200416
0.0,43,scalar_normalized,2,0.12943277680728346
0.0,43,scalar_normalized,3,0.1276580008085621
0.0,43,fourier_normalized,0,0.11957471861206243
0.0,43,fourier_normalized,1,0.12920236005440494
0.0,43,fourier_normalized,2,0.1294327771190708
0.0,43,fourier_normalized,3,0.12765800255272194
0.0,43,scalar_gate_s1p5_p4,0,0.039001228172524036
0.0,43,scalar_gate_s1p5_p4,1,0.03936486458616455
0.0,43,scalar_gate_s1p5_p4,2,0.03945523737330749
0.0,43,scalar_gate_s1p5_p4,3,0.038739403310301374
0.0,43,fourier_gate_s1p5_p4,0,0.03900122771468332
0.0,43,fourier_gate_s1p5_p4,1,0.03936486512900407
0.0,43,fourier_gate_s1p5_p4,2,0.03945523974974763
0.0,43,fourier_gate_s1p5_p4,3,0.03873939999815266
0.0,43,scalar_gate_s1p5_p4_plateau_lo0p8_hi1,0,0.06168028993960698
0.0,43,scalar_gate_s1p5_p4_plateau_lo0p8_hi1,1,0.06158451442702211
0.0,43,scalar_gate_s1p5_p4_plateau_lo0p8_hi1,2,0.061541437389451475
0.0,43,scalar_gate_s1p5_p4_plateau_lo0p8_hi1,3,0.062047050768400704
0.0,43,fourier_gate_s1p5_p4_plateau_lo0p8_hi1,0,0.06168028297007885
0.0,43,fourier_gate_s1p5_p4_plateau_lo0p8_hi1,1,0.06158450451126796
0.0,43,fourier_gate_s1p5_p4_plateau_lo0p8_hi1,2,0.06154143287051696
0.0,43,fourier_gate_s1p5_p4_plateau_lo0p8_hi1,3,0.06204704799442035
0.0,43,scalar_gate_s1p5_p4_cap_lo1_hi2_d0p5,0,0.040217811752665145
0.0,43,scalar_gate_s1p5_p4_cap_lo1_hi2_d0p5,1,0.04075600491248949
0.0,43,scalar_gate_s1p5_p4_cap_lo1_hi2_d0p5,2,0.04084587936889442
0.0,43,scalar_gate_s1p5_p4_cap_lo1_hi2_d0p5,3,0.04039885978995592
0.0,43,fourier_gate_s1p5_p4_cap_lo1_hi2_d0p5,0,0.04021781200541134
0.0,43,fourier_gate_s1p5_p4_cap_lo1_hi2_d0p5,1,0.040756007542869115
0.0,43,fourier_gate_s1p5_p4_cap_lo1_hi2_d0p5,2,0.0408458810524606
0.0,43,fourier_gate_s1p5_p4_cap_lo1_hi2_d0p5,3,0.040398861436395435
0.0,44,scalar_gate_s1p5_p4_linear_sigma,0,0.039744056164032884
0.0,44,scalar_gate_s1p5_p4_linear_sigma,1,0.04003337637246071
0.0,44,scalar_gate_s1p5_p4_linear_sigma,2,0.03990005201270684
0.0,44,scalar_gate_s1p5_p4_linear_sigma,3,0.04000243029121915
0.0,44,fourier_gate_s1p5_p4_linear_sigma,0,0.03974405943856385
0.0,44,fourier_gate_s1p5_p4_linear_sigma,1,0.040033378811520595
0.0,44,fourier_gate_s1p5_p4_linear_sigma,2,0.03990005414992714
0.0,44,fourier_gate_s1p5_p4_linear_sigma,3,0.040002430771104984
0.0,44,scalar_gate_s1p5_p4_tanh_sigma,0,0.03984478722209231
0.0,44,scalar_gate_s1p5_p4_tanh_sigma,1,0.039956173222859166
0.0,44,scalar_gate_s1p5_p4_tanh_sigma,2,0.039759003021028555
0.0,44,scalar_gate_s1p5_p4_tanh_sigma,3,0.039864313109417744
0.0,44,fourier_gate_s1p5_p4_tanh_sigma,0,0.03984478099749175
0.0,44,fourier_gate_s1p5_p4_tanh_sigma,1,0.03995616692176512
0.0,44,fourier_gate_s1p5_p4_tanh_sigma,2,0.0397590030983266
0.0,44,fourier_gate_s1p5_p4_tanh_sigma,3,0.03986430819858548
0.0,44,score,0,0.054589503917348056
0.0,44,score,1,0.05382411840078377
0.0,44,score,2,0.053838903913830095
0.0,44,score,3,0.05363249801021663
0.0,44,scalar_gaussian,0,0.12853302361578686
0.0,44,scalar_gaussian,1,0.13535252080234475
0.0,44,scalar_gaussian,2,0.13252293495331327
0.0,44,scalar_gaussian,3,0.13140597369193807
0.0,44,fourier_gaussian,0,0.1285334212667478
0.0,44,fourier_gaussian,1,0.13535352387500418
0.0,44,fourier_gaussian,2,0.1325235269751687
0.0,44,fourier_gaussian,3,0.131406764855244
0.0,44,scalar_normalized,0,0.1258370038474813
0.0,44,scalar_normalized,1,0.13462636034563408
0.0,44,scalar_normalized,2,0.12859674724521553
0.0,44,scalar_normalized,3,0.12735560588677364
0.0,44,fourier_normalized,0,0.12583712957168455
0.0,44,fourier_normalized,1,0.13462644027237072
0.0,44,fourier_normalized,2,0.12859680203945612
0.0,44,fourier_normalized,3,0.12735564326232737
0.0,44,scalar_gate_s1p5_p4,0,0.039459801931390245
0.0,44,scalar_gate_s1p5_p4,1,0.03935802645588972
0.0,44,scalar_gate_s1p5_p4,2,0.03935024896020108
0.0,44,scalar_gate_s1p5_p4,3,0.0393451338481508
0.0,44,fourier_gate_s1p5_p4,0,0.03945981274831838
0.0,44,fourier_gate_s1p5_p4,1,0.03935802462992513
0.0,44,fourier_gate_s1p5_p4,2,0.03935025405479543
0.0,44,fourier_gate_s1p5_p4,3,0.03934513725782006
0.0,44,scalar_gate_s1p5_p4_plateau_lo0p8_hi1,0,0.060907221946601114
0.0,44,scalar_gate_s1p5_p4_plateau_lo0p8_hi1,1,0.061825101032161975
0.0,44,scalar_gate_s1p5_p4_plateau_lo0p8_hi1,2,0.061610298466123856
0.0,44,scalar_gate_s1p5_p4_plateau_lo0p8_hi1,3,0.06163372119191841
0.0,44,fourier_gate_s1p5_p4_plateau_lo0p8_hi1,0,0.06090720256098398
0.0,44,fourier_gate_s1p5_p4_plateau_lo0p8_hi1,1,0.0618250974807644
0.0,44,fourier_gate_s1p5_p4_plateau_lo0p8_hi1,2,0.061610290613049824
0.0,44,fourier_gate_s1p5_p4_plateau_lo0p8_hi1,3,0.0616337164828166
0.0,44,scalar_gate_s1p5_p4_cap_lo1_hi2_d0p5,0,0.040665858103888605
0.0,44,scalar_gate_s1p5_p4_cap_lo1_hi2_d0p5,1,0.040813341252539846
0.0,44,scalar_gate_s1p5_p4_cap_lo1_hi2_d0p5,2,0.04077975172978566
0.0,44,scalar_gate_s1p5_p4_cap_lo1_hi2_d0p5,3,0.040734977976030935
0.0,44,fourier_gate_s1p5_p4_cap_lo1_hi2_d0p5,0,0.040665864994140724
0.0,44,fourier_gate_s1p5_p4_cap_lo1_hi2_d0p5,1,0.04081333976257474
0.0,44,fourier_gate_s1p5_p4_cap_lo1_hi2_d0p5,2,0.040779750145312
0.0,44,fourier_gate_s1p5_p4_cap_lo1_hi2_d0p5,3,0.04073497534742263
0.5,42,scalar_gate_s1p5_p4_linear_sigma,0,0.07342825512855361
0.5,42,scalar_gate_s1p5_p4_linear_sigma,1,0.04859078732059754
0.5,42,scalar_gate_s1p5_p4_linear_sigma,2,0.03769664976404676
0.5,42,scalar_gate_s1p5_p4_linear_sigma,3,0.03601436517277848
0.5,42,fourier_gate_s1p5_p4_linear_sigma,0,0.07482466247316863
0.5,42,fourier_gate_s1p5_p4_linear_sigma,1,0.04851282908566805
0.5,42,fourier_gate_s1p5_p4_linear_sigma,2,0.038011603316287085
0.5,42,fourier_gate_s1p5_p4_linear_sigma,3,0.03624651533533838
0.5,42,scalar_gate_s1p5_p4_tanh_sigma,0,0.07273079957850866
0.5,42,scalar_gate_s1p5_p4_tanh_sigma,1,0.04827378261633209
0.5,42,scalar_gate_s1p5_p4_tanh_sigma,2,0.037279967245782974
0.5,42,scalar_gate_s1p5_p4_tanh_sigma,3,0.0355982975556077
0.5,42,fourier_gate_s1p5_p4_tanh_sigma,0,0.07426242881397391
0.5,42,fourier_gate_s1p5_p4_tanh_sigma,1,0.04860872988545515
0.5,42,fourier_gate_s1p5_p4_tanh_sigma,2,0.03751472106651709
0.5,42,fourier_gate_s1p5_p4_tanh_sigma,3,0.03569812961513961
0.5,42,score,0,0.0839736130659109
0.5,42,score,1,0.062033532123838504
0.5,42,score,2,0.05387276342839783
0.5,42,score,3,0.05348207440222866
0.5,42,scalar_gaussian,0,0.06967465987949095
0.5,42,scalar_gaussian,1,0.08446866126154103
0.5,42,scalar_gaussian,2,0.08390321101090412
0.5,42,scalar_gaussian,3,0.08077750852490606
0.5,42,fourier_gaussian,0,0.10435650511170569
0.5,42,fourier_gaussian,1,0.12305839352671481
0.5,42,fourier_gaussian,2,0.13060954488184592
0.5,42,fourier_gaussian,3,0.12353775417790687
0.5,42,scalar_normalized,0,0.06519995940039665
0.5,42,scalar_normalized,1,0.08839932629281316
0.5,42,scalar_normalized,2,0.09544071311432684
0.5,42,scalar_normalized,3,0.08860722727782194
0.5,42,fourier_normalized,0,0.10019611994351985
0.5,42,fourier_normalized,1,0.1229095557283017
0.5,42,fourier_normalized,2,0.12525595694501934
0.5,42,fourier_normalized,3,0.1193353849905049
0.5,42,scalar_gate_s1p5_p4,0,0.07503080830182346
0.5,42,scalar_gate_s1p5_p4,1,0.048150895020733886
0.5,42,scalar_gate_s1p5_p4,2,0.037466387872450685
0.5,42,scalar_gate_s1p5_p4,3,0.0361648938672416
0.5,42,fourier_gate_s1p5_p4,0,0.07441707175804073
0.5,42,fourier_gate_s1p5_p4,1,0.04813652088170201
0.5,42,fourier_gate_s1p5_p4,2,0.03718498138968479
0.5,42,fourier_gate_s1p5_p4,3,0.03552026704443613
0.5,42,scalar_gate_s1p5_p4_plateau_lo0p8_hi1,0,0.0766763247901876
0.5,42,scalar_gate_s1p5_p4_plateau_lo0p8_hi1,1,0.06542667368817189
0.5,42,scalar_gate_s1p5_p4_plateau_lo0p8_hi1,2,0.049452925997143946
0.5,42,scalar_gate_s1p5_p4_plateau_lo0p8_hi1,3,0.0464719997369413
0.5,42,fourier_gate_s1p5_p4_plateau_lo0p8_hi1,0,0.08480511712800197
0.5,42,fourier_gate_s1p5_p4_plateau_lo0p8_hi1,1,0.06577336741426852
0.5,42,fourier_gate_s1p5_p4_plateau_lo0p8_hi1,2,0.05368720575074807
0.5,42,fourier_gate_s1p5_p4_plateau_lo0p8_hi1,3,0.0515261058685029
0.5,42,scalar_gate_s1p5_p4_cap_lo1_hi2_d0p5,0,0.07441165598125812
0.5,42,scalar_gate_s1p5_p4_cap_lo1_hi2_d0p5,1,0.04926572202378679
0.5,42,scalar_gate_s1p5_p4_cap_lo1_hi2_d0p5,2,0.03787495000021248
0.5,42,scalar_gate_s1p5_p4_cap_lo1_hi2_d0p5,3,0.03625994623607964
0.5,42,fourier_gate_s1p5_p4_cap_lo1_hi2_d0p5,0,0.07486430446737528
0.5,42,fourier_gate_s1p5_p4_cap_lo1_hi2_d0p5,1,0.049165570378784496
0.5,42,fourier_gate_s1p5_p4_cap_lo1_hi2_d0p5,2,0.03841121255057397
0.5,42,fourier_gate_s1p5_p4_cap_lo1_hi2_d0p5,3,0.03700016184420607
0.5,43,scalar_gate_s1p5_p4_linear_sigma,0,0.07158854377769217
0.5,43,scalar_gate_s1p5_p4_linear_sigma,1,0.048057689888642015
0.5,43,scalar_gate_s1p5_p4_linear_sigma,2,0.0374493027916637
0.5,43,scalar_gate_s1p5_p4_linear_sigma,3,0.03623968824419796
0.5,43,fourier_gate_s1p5_p4_linear_sigma,0,0.07272159434140762
0.5,43,fourier_gate_s1p5_p4_linear_sigma,1,0.048210578040388107
0.5,43,fourier_gate_s1p5_p4_linear_sigma,2,0.037868344894802314
0.5,43,fourier_gate_s1p5_p4_linear_sigma,3,0.036517938891264916
0.5,43,scalar_gate_s1p5_p4_tanh_sigma,0,0.07111313649586717
0.5,43,scalar_gate_s1p5_p4_tanh_sigma,1,0.04794277039569461
0.5,43,scalar_gate_s1p5_p4_tanh_sigma,2,0.037100078362926975
0.5,43,scalar_gate_s1p5_p4_tanh_sigma,3,0.03576728940670315
0.5,43,fourier_gate_s1p5_p4_tanh_sigma,0,0.07327220250706207
0.5,43,fourier_gate_s1p5_p4_tanh_sigma,1,0.04813096952470902
0.5,43,fourier_gate_s1p5_p4_tanh_sigma,2,0.03730951832653464
0.5,43,fourier_gate_s1p5_p4_tanh_sigma,3,0.035765892652299056
0.5,43,score,0,0.08688980496467681
0.5,43,score,1,0.06317574451027647
0.5,43,score,2,0.05536037722255567
0.5,43,score,3,0.05478014244696632
0.5,43,scalar_gaussian,0,0.07228121988921349
0.5,43,scalar_gaussian,1,0.08516967088086254
0.5,43,scalar_gaussian,2,0.08867718661836539
0.5,43,scalar_gaussian,3,0.08332904300267248
0.5,43,fourier_gaussian,0,0.10280759004325735
0.5,43,fourier_gaussian,1,0.12307992400680313
0.5,43,fourier_gaussian,2,0.13232278158467145
0.5,43,fourier_gaussian,3,0.13433282057225576
0.5,43,scalar_normalized,0,0.06897080751258472
0.5,43,scalar_normalized,1,0.09165167854056681
0.5,43,scalar_normalized,2,0.09717755470792738
0.5,43,scalar_normalized,3,0.08920280691284296
0.5,43,fourier_normalized,0,0.09511690551538397
0.5,43,fourier_normalized,1,0.11518028702323144
0.5,43,fourier_normalized,2,0.11779701602608224
0.5,43,fourier_normalized,3,0.11661691542841868
0.5,43,scalar_gate_s1p5_p4,0,0.07261160386726623
0.5,43,scalar_gate_s1p5_p4,1,0.047892358124215384
0.5,43,scalar_gate_s1p5_p4,2,0.037197943067765984
0.5,43,scalar_gate_s1p5_p4,3,0.03607536853785986
0.5,43,fourier_gate_s1p5_p4,0,0.07399463023351517
0.5,43,fourier_gate_s1p5_p4,1,0.04815757554779619
0.5,43,fourier_gate_s1p5_p4,2,0.037241848743842725
0.5,43,fourier_gate_s1p5_p4,3,0.035545210444603986
0.5,43,scalar_gate_s1p5_p4_plateau_lo0p8_hi1,0,0.07849475568342673
0.5,43,scalar_gate_s1p5_p4_plateau_lo0p8_hi1,1,0.06619183146766373
0.5,43,scalar_gate_s1p5_p4_plateau_lo0p8_hi1,2,0.05044307312920962
0.5,43,scalar_gate_s1p5_p4_plateau_lo0p8_hi1,3,0.04767122928433925
0.5,43,fourier_gate_s1p5_p4_plateau_lo0p8_hi1,0,0.08652863915018119
0.5,43,fourier_gate_s1p5_p4_plateau_lo0p8_hi1,1,0.06694925771046396
0.5,43,fourier_gate_s1p5_p4_plateau_lo0p8_hi1,2,0.054532073457758665
0.5,43,fourier_gate_s1p5_p4_plateau_lo0p8_hi1,3,0.05254401285920021
0.5,43,scalar_gate_s1p5_p4_cap_lo1_hi2_d0p5,0,0.07343772053427898
0.5,43,scalar_gate_s1p5_p4_cap_lo1_hi2_d0p5,1,0.04900037799932757
0.5,43,scalar_gate_s1p5_p4_cap_lo1_hi2_d0p5,2,0.03736713973271445
0.5,43,scalar_gate_s1p5_p4_cap_lo1_hi2_d0p5,3,0.03590270272223999
0.5,43,fourier_gate_s1p5_p4_cap_lo1_hi2_d0p5,0,0.07355881907417926
0.5,43,fourier_gate_s1p5_p4_cap_lo1_hi2_d0p5,1,0.04895003924879154
0.5,43,fourier_gate_s1p5_p4_cap_lo1_hi2_d0p5,2,0.03846603245464357
0.5,43,fourier_gate_s1p5_p4_cap_lo1_hi2_d0p5,3,0.03696903582653684
0.5,44,scalar_gate_s1p5_p4_linear_sigma,0,0.07351488652988218
0.5,44,scalar_gate_s1p5_p4_linear_sigma,1,0.04845221162645561
0.5,44,scalar_gate_s1p5_p4_linear_sigma,2,0.03741267224494969
0.5,44,scalar_gate_s1p5_p4_linear_sigma,3,0.03648233647689521
0.5,44,fourier_gate_s1p5_p4_linear_sigma,0,0.07173138955453265
0.5,44,fourier_gate_s1p5_p4_linear_sigma,1,0.047897656051966324
0.5,44,fourier_gate_s1p5_p4_linear_sigma,2,0.03716100829071824
0.5,44,fourier_gate_s1p5_p4_linear_sigma,3,0.03552437429939284
0.5,44,scalar_gate_s1p5_p4_tanh_sigma,0,0.07308899212304275
0.5,44,scalar_gate_s1p5_p4_tanh_sigma,1,0.04836164526251434
0.5,44,scalar_gate_s1p5_p4_tanh_sigma,2,0.03708278242555572
0.5,44,scalar_gate_s1p5_p4_tanh_sigma,3,0.03566251201788527
0.5,44,fourier_gate_s1p5_p4_tanh_sigma,0,0.07266835853474768
0.5,44,fourier_gate_s1p5_p4_tanh_sigma,1,0.04783453815904418
0.5,44,fourier_gate_s1p5_p4_tanh_sigma,2,0.036858162129035706
0.5,44,fourier_gate_s1p5_p4_tanh_sigma,3,0.03504894785935045
0.5,44,score,0,0.0867999499928135
0.5,44,score,1,0.06261626364266688
0.5,44,score,2,0.05466144337017244
0.5,44,score,3,0.053534511777905025
0.5,44,scalar_gaussian,0,0.07153001375925223
0.5,44,scalar_gaussian,1,0.09370070933949112
0.5,44,scalar_gaussian,2,0.09000976392712721
0.5,44,scalar_gaussian,3,0.08706744022849387
0.5,44,fourier_gaussian,0,0.10616194524845277
0.5,44,fourier_gaussian,1,0.13394984504122867
0.5,44,fourier_gaussian,2,0.13551820990374963
0.5,44,fourier_gaussian,3,0.13321229570997017
0.5,44,scalar_normalized,0,0.06853055136464148
0.5,44,scalar_normalized,1,0.09443917123775607
0.5,44,scalar_normalized,2,0.09781677215772881
0.5,44,scalar_normalized,3,0.09367176903551032
0.5,44,fourier_normalized,0,0.09793647261885303
0.5,44,fourier_normalized,1,0.12108982270118163
0.5,44,fourier_normalized,2,0.12575652571672727
0.5,44,fourier_normalized,3,0.12380566156357992
0.5,44,scalar_gate_s1p5_p4,0,0.07350141761609859
0.5,44,scalar_gate_s1p5_p4,1,0.04774879347102357
0.5,44,scalar_gate_s1p5_p4,2,0.03672615764801831
0.5,44,scalar_gate_s1p5_p4,3,0.035265724119326644
0.5,44,fourier_gate_s1p5_p4,0,0.07340142300068736
0.5,44,fourier_gate_s1p5_p4,1,0.047830842217538444
0.5,44,fourier_gate_s1p5_p4,2,0.036495704246445035
0.5,44,fourier_gate_s1p5_p4,3,0.03471554484064495
0.5,44,scalar_gate_s1p5_p4_plateau_lo0p8_hi1,0,0.07819657529511898
0.5,44,scalar_gate_s1p5_p4_plateau_lo0p8_hi1,1,0.0673607572420945
0.5,44,scalar_gate_s1p5_p4_plateau_lo0p8_hi1,2,0.05116383085763598
0.5,44,scalar_gate_s1p5_p4_plateau_lo0p8_hi1,3,0.04818680776518986
0.5,44,fourier_gate_s1p5_p4_plateau_lo0p8_hi1,0,0.08539017335804666
0.5,44,fourier_gate_s1p5_p4_plateau_lo0p8_hi1,1,0.06716035428615576
0.5,44,fourier_gate_s1p5_p4_plateau_lo0p8_hi1,2,0.054804954617650295
0.5,44,fourier_gate_s1p5_p4_plateau_lo0p8_hi1,3,0.05270581670259581
0.5,44,scalar_gate_s1p5_p4_cap_lo1_hi2_d0p5,0,0.07488170399725118
0.5,44,scalar_gate_s1p5_p4_cap_lo1_hi2_d0p5,1,0.048921387369082636
0.5,44,scalar_gate_s1p5_p4_cap_lo1_hi2_d0p5,2,0.03711811676932503
0.5,44,scalar_gate_s1p5_p4_cap_lo1_hi2_d0p5,3,0.03573261380352029
0.5,44,fourier_gate_s1p5_p4_cap_lo1_hi2_d0p5,0,0.0733193782215176
0.5,44,fourier_gate_s1p5_p4_cap_lo1_hi2_d0p5,1,0.04854081349186071
0.5,44,fourier_gate_s1p5_p4_cap_lo1_hi2_d0p5,2,0.03772233098325614
0.5,44,fourier_gate_s1p5_p4_cap_lo1_hi2_d0p5,3,0.03643965951630556
1.0,42,scalar_gate_s1p5_p4_linear_sigma,0,0.09986107163474926
1.0,42,scalar_gate_s1p5_p4_linear_sigma,1,0.07629762601253734
1.0,42,scalar_gate_s1p5_p4_linear_sigma,2,0.046371951198140735
1.0,42,scalar_gate_s1p5_p4_linear_sigma,3,0.042408069484272844
1.0,42,fourier_gate_s1p5_p4_linear_sigma,0,0.08917459226728033
1.0,42,fourier_gate_s1p5_p4_linear_sigma,1,0.07368454355785004
1.0,42,fourier_gate_s1p5_p4_linear_sigma,2,0.04410991056925542
1.0,42,fourier_gate_s1p5_p4_linear_sigma,3,0.039269562361672145
1.0,42,scalar_gate_s1p5_p4_tanh_sigma,0,0.09956238382165536
1.0,42,scalar_gate_s1p5_p4_tanh_sigma,1,0.07792741854821691
1.0,42,scalar_gate_s1p5_p4_tanh_sigma,2,0.04649892276103779
1.0,42,scalar_gate_s1p5_p4_tanh_sigma,3,0.042216601778863466
1.0,42,fourier_gate_s1p5_p4_tanh_sigma,0,0.09017780508680008
1.0,42,fourier_gate_s1p5_p4_tanh_sigma,1,0.07552491772067015
1.0,42,fourier_gate_s1p5_p4_tanh_sigma,2,0.04417036981755498
1.0,42,fourier_gate_s1p5_p4_tanh_sigma,3,0.03793370017982692
1.0,42,score,0,0.09490604013198048
1.0,42,score,1,0.0910637071877244
1.0,42,score,2,0.07203238245608945
1.0,42,score,3,0.06797552068003695
1.0,42,scalar_gaussian,0,0.08182820506244617
1.0,42,scalar_gaussian,1,0.09757052363005035
1.0,42,scalar_gaussian,2,0.0687989482831718
1.0,42,scalar_gaussian,3,0.05291731303286462
1.0,42,fourier_gaussian,0,0.09240391030318541
1.0,42,fourier_gaussian,1,0.1342258979097725
1.0,42,fourier_gaussian,2,0.1427559953366
1.0,42,fourier_gaussian,3,0.12716270925655593
1.0,42,scalar_normalized,0,0.073028918194185
1.0,42,scalar_normalized,1,0.09994326249202966
1.0,42,scalar_normalized,2,0.0774694917775953
1.0,42,scalar_normalized,3,0.06147902859533674
1.0,42,fourier_normalized,0,0.06662580233238397
1.0,42,fourier_normalized,1,0.08685699121024898
1.0,42,fourier_normalized,2,0.08360543695199575
1.0,42,fourier_normalized,3,0.06613735100192815
1.0,42,scalar_gate_s1p5_p4,0,0.09980193410616486
1.0,42,scalar_gate_s1p5_p4,1,0.07810875312296002
1.0,42,scalar_gate_s1p5_p4,2,0.04731251290102668
1.0,42,scalar_gate_s1p5_p4,3,0.04385395181416388
1.0,42,fourier_gate_s1p5_p4,0,0.09070248726860476
1.0,42,fourier_gate_s1p5_p4,1,0.07674332770948282
1.0,42,fourier_gate_s1p5_p4,2,0.04554631087728488
1.0,42,fourier_gate_s1p5_p4,3,0.0411878852688722
1.0,42,scalar_gate_s1p5_p4_plateau_lo0p8_hi1,0,0.08922799191212684
1.0,42,scalar_gate_s1p5_p4_plateau_lo0p8_hi1,1,0.09616680154054152
1.0,42,scalar_gate_s1p5_p4_plateau_lo0p8_hi1,2,0.05974024342594148
1.0,42,scalar_gate_s1p5_p4_plateau_lo0p8_hi1,3,0.057968249033841
1.0,42,fourier_gate_s1p5_p4_plateau_lo0p8_hi1,0,0.09115662439986658
1.0,42,fourier_gate_s1p5_p4_plateau_lo0p8_hi1,1,0.0837907262339998
1.0,42,fourier_gate_s1p5_p4_plateau_lo0p8_hi1,2,0.05199715953131241
1.0,42,fourier_gate_s1p5_p4_plateau_lo0p8_hi1,3,0.045181221102781194
1.0,42,scalar_gate_s1p5_p4_cap_lo1_hi2_d0p5,0,0.10420453235806038
1.0,42,scalar_gate_s1p5_p4_cap_lo1_hi2_d0p5,1,0.07859766919511633
1.0,42,scalar_gate_s1p5_p4_cap_lo1_hi2_d0p5,2,0.04641219091771403
1.0,42,scalar_gate_s1p5_p4_cap_lo1_hi2_d0p5,3,0.04321948211169641
1.0,42,fourier_gate_s1p5_p4_cap_lo1_hi2_d0p5,0,0.08777566044225743
1.0,42,fourier_gate_s1p5_p4_cap_lo1_hi2_d0p5,1,0.07302179029083743
1.0,42,fourier_gate_s1p5_p4_cap_lo1_hi2_d0p5,2,0.04342658708024398
1.0,42,fourier_gate_s1p5_p4_cap_lo1_hi2_d0p5,3,0.037507836825173536
1.0,43,scalar_gate_s1p5_p4_linear_sigma,0,0.0990889135040216
1.0,43,scalar_gate_s1p5_p4_linear_sigma,1,0.07883780074544197
1.0,43,scalar_gate_s1p5_p4_linear_sigma,2,0.04706515967910094
1.0,43,scalar_gate_s1p5_p4_linear_sigma,3,0.04383421637043926
1.0,43,fourier_gate_s1p5_p4_linear_sigma,0,0.08903635723997022
1.0,43,fourier_gate_s1p5_p4_linear_sigma,1,0.07440012163887441
1.0,43,fourier_gate_s1p5_p4_linear_sigma,2,0.04468636895353032
1.0,43,fourier_gate_s1p5_p4_linear_sigma,3,0.039433197151345155
1.0,43,scalar_gate_s1p5_p4_tanh_sigma,0,0.09897876203157452
1.0,43,scalar_gate_s1p5_p4_tanh_sigma,1,0.07990215449993733
1.0,43,scalar_gate_s1p5_p4_tanh_sigma,2,0.04722676396312006
1.0,43,scalar_gate_s1p5_p4_tanh_sigma,3,0.04376343851190024
1.0,43,fourier_gate_s1p5_p4_tanh_sigma,0,0.09043823983643232
1.0,43,fourier_gate_s1p5_p4_tanh_sigma,1,0.07552365493014096
1.0,43,fourier_gate_s1p5_p4_tanh_sigma,2,0.04360124696795491
1.0,43,fourier_gate_s1p5_p4_tanh_sigma,3,0.03840613323147521
1.0,43,score,0,0.09525813352035405
1.0,43,score,1,0.09214473733724222
1.0,43,score,2,0.07310574102114943
1.0,43,score,3,0.06947774786604247
1.0,43,scalar_gaussian,0,0.08230630791685527
1.0,43,scalar_gaussian,1,0.09805973879665925
1.0,43,scalar_gaussian,2,0.06786096126818522
1.0,43,scalar_gaussian,3,0.050460246593221125
1.0,43,fourier_gaussian,0,0.08669854421177331
1.0,43,fourier_gaussian,1,0.11656440366765557
1.0,43,fourier_gaussian,2,0.1288627616093149
1.0,43,fourier_gaussian,3,0.11999880946620776
1.0,43,scalar_normalized,0,0.07243317039304029
1.0,43,scalar_normalized,1,0.09751915705262126
1.0,43,scalar_normalized,2,0.07284047760571426
1.0,43,scalar_normalized,3,0.058482421333128184
1.0,43,fourier_normalized,0,0.06455563494230093
1.0,43,fourier_normalized,1,0.0948082167552757
1.0,43,fourier_normalized,2,0.08914267813512086
1.0,43,fourier_normalized,3,0.0729655774328676
1.0,43,scalar_gate_s1p5_p4,0,0.09945250444177257
1.0,43,scalar_gate_s1p5_p4,1,0.07929469631195135
1.0,43,scalar_gate_s1p5_p4,2,0.047491811301289405
1.0,43,scalar_gate_s1p5_p4,3,0.044581030538541254
1.0,43,fourier_gate_s1p5_p4,0,0.09154746199845802
1.0,43,fourier_gate_s1p5_p4,1,0.0768066621916717
1.0,43,fourier_gate_s1p5_p4,2,0.044540209630002284
1.0,43,fourier_gate_s1p5_p4,3,0.04008869872474692
1.0,43,scalar_gate_s1p5_p4_plateau_lo0p8_hi1,0,0.08851089434299964
1.0,43,scalar_gate_s1p5_p4_plateau_lo0p8_hi1,1,0.09353170620040929
1.0,43,scalar_gate_s1p5_p4_plateau_lo0p8_hi1,2,0.05652725921754725
1.0,43,scalar_gate_s1p5_p4_plateau_lo0p8_hi1,3,0.05556319664212796
1.0,43,fourier_gate_s1p5_p4_plateau_lo0p8_hi1,0,0.091465814976961
1.0,43,fourier_gate_s1p5_p4_plateau_lo0p8_hi1,1,0.08565596874644507
1.0,43,fourier_gate_s1p5_p4_plateau_lo0p8_hi1,2,0.052308718646453256
1.0,43,fourier_gate_s1p5_p4_plateau_lo0p8_hi1,3,0.04443323343310072
1.0,43,scalar_gate_s1p5_p4_cap_lo1_hi2_d0p5,0,0.10069995957956701
1.0,43,scalar_gate_s1p5_p4_cap_lo1_hi2_d0p5,1,0.07984342493071211
1.0,43,scalar_gate_s1p5_p4_cap_lo1_hi2_d0p5,2,0.045864770206988544
1.0,43,scalar_gate_s1p5_p4_cap_lo1_hi2_d0p5,3,0.04358708607972662
1.0,43,fourier_gate_s1p5_p4_cap_lo1_hi2_d0p5,0,0.08798585395584779
1.0,43,fourier_gate_s1p5_p4_cap_lo1_hi2_d0p5,1,0.07396441912232556
1.0,43,fourier_gate_s1p5_p4_cap_lo1_hi2_d0p5,2,0.04350983055599794
1.0,43,fourier_gate_s1p5_p4_cap_lo1_hi2_d0p5,3,0.038189240909290566
1.0,44,scalar_gate_s1p5_p4_linear_sigma,0,0.09814497962605505
1.0,44,scalar_gate_s1p5_p4_linear_sigma,1,0.07777268300624028
1.0,44,scalar_gate_s1p5_p4_linear_sigma,2,0.04650059778056888
1.0,44,scalar_gate_s1p5_p4_linear_sigma,3,0.04328106263212834
1.0,44,fourier_gate_s1p5_p4_linear_sigma,0,0.08885068899500158
1.0,44,fourier_gate_s1p5_p4_linear_sigma,1,0.07373859158260669
1.0,44,fourier_gate_s1p5_p4_linear_sigma,2,0.04341143110295703
1.0,44,fourier_gate_s1p5_p4_linear_sigma,3,0.03805644348881692
1.0,44,scalar_gate_s1p5_p4_tanh_sigma,0,0.09901310996163142
1.0,44,scalar_gate_s1p5_p4_tanh_sigma,1,0.07871912810624244
1.0,44,scalar_gate_s1p5_p4_tanh_sigma,2,0.04624839948931947
1.0,44,scalar_gate_s1p5_p4_tanh_sigma,3,0.04246963974430243
1.0,44,fourier_gate_s1p5_p4_tanh_sigma,0,0.08989363803231948
1.0,44,fourier_gate_s1p5_p4_tanh_sigma,1,0.0753007231423896
1.0,44,fourier_gate_s1p5_p4_tanh_sigma,2,0.042597539452727866
1.0,44,fourier_gate_s1p5_p4_tanh_sigma,3,0.036682981839293076
1.0,44,score,0,0.0957913823182189
1.0,44,score,1,0.09024368231210887
1.0,44,score,2,0.07092605360318212
1.0,44,score,3,0.06574424400425828
1.0,44,scalar_gaussian,0,0.0826003393288131
1.0,44,scalar_gaussian,1,0.09934519434262173
1.0,44,scalar_gaussian,2,0.06990683919967969
1.0,44,scalar_gaussian,3,0.05304363871246597
1.0,44,fourier_gaussian,0,0.08947446742571286
1.0,44,fourier_gaussian,1,0.12503102592323853
1.0,44,fourier_gaussian,2,0.1359894490299186
1.0,44,fourier_gaussian,3,0.12572711432745196
1.0,44,scalar_normalized,0,0.07087899716136539
1.0,44,scalar_normalized,1,0.09877811965489983
1.0,44,scalar_normalized,2,0.07646933254552732
1.0,44,scalar_normalized,3,0.060174203671180884
1.0,44,fourier_normalized,0,0.0675854343972793
1.0,44,fourier_normalized,1,0.09405964048279973
1.0,44,fourier_normalized,2,0.09243432742816986
1.0,44,fourier_normalized,3,0.07390324468535779
1.0,44,scalar_gate_s1p5_p4,0,0.0993761869214459
1.0,44,scalar_gate_s1p5_p4,1,0.07790636684049283
1.0,44,scalar_gate_s1p5_p4,2,0.04647503226099936
1.0,44,scalar_gate_s1p5_p4,3,0.043057812632436826
1.0,44,fourier_gate_s1p5_p4,0,0.09042754559958853
1.0,44,fourier_gate_s1p5_p4,1,0.07615899012438077
1.0,44,fourier_gate_s1p5_p4,2,0.043785901481852525
1.0,44,fourier_gate_s1p5_p4,3,0.03899864829797204
1.0,44,scalar_gate_s1p5_p4_plateau_lo0p8_hi1,0,0.08965195721434158
1.0,44,scalar_gate_s1p5_p4_plateau_lo0p8_hi1,1,0.09468476115780988
1.0,44,scalar_gate_s1p5_p4_plateau_lo0p8_hi1,2,0.05628090336180084
1.0,44,scalar_gate_s1p5_p4_plateau_lo0p8_hi1,3,0.056154288625120535
1.0,44,fourier_gate_s1p5_p4_plateau_lo0p8_hi1,0,0.09141998514988055
1.0,44,fourier_gate_s1p5_p4_plateau_lo0p8_hi1,1,0.08468705941959792
1.0,44,fourier_gate_s1p5_p4_plateau_lo0p8_hi1,2,0.05213153426205501
1.0,44,fourier_gate_s1p5_p4_plateau_lo0p8_hi1,3,0.044717563809008126
1.0,44,scalar_gate_s1p5_p4_cap_lo1_hi2_d0p5,0,0.10153415545422645
1.0,44,scalar_gate_s1p5_p4_cap_lo1_hi2_d0p5,1,0.07823328865359648
1.0,44,scalar_gate_s1p5_p4_cap_lo1_hi2_d0p5,2,0.04472807569219154
1.0,44,scalar_gate_s1p5_p4_cap_lo1_hi2_d0p5,3,0.042046747731270664
1.0,44,fourier_gate_s1p5_p4_cap_lo1_hi2_d0p5,0,0.08785888777173217
1.0,44,fourier_gate_s1p5_p4_cap_lo1_hi2_d0p5,1,0.07333205727580273
1.0,44,fourier_gate_s1p5_p4_cap_lo1_hi2_d0p5,2,0.04229977986972079
1.0,44,fourier_gate_s1p5_p4_cap_lo1_hi2_d0p5,3,0.036586840479928516
