spectrum_lambda,seed,method,region,n,score_error
0.0,42,scalar_gate_s1p5_p4_linear_sigma,low,6144,0.01002151933083104
0.0,42,scalar_gate_s1p5_p4_linear_sigma,middle,6144,0.04561926746786704
0.0,42,scalar_gate_s1p5_p4_linear_sigma,high,6144,0.06616399611733169
0.0,42,fourier_gate_s1p5_p4_linear_sigma,low,6144,0.010021516384693825
0.0,42,fourier_gate_s1p5_p4_linear_sigma,middle,6144,0.04561926086410037
0.0,42,fourier_gate_s1p5_p4_linear_sigma,high,6144,0.06616399198848887
0.0,42,scalar_gate_s1p5_p4_tanh_sigma,low,6144,0.009810810038645907
0.0,42,scalar_gate_s1p5_p4_tanh_sigma,middle,6144,0.04617104181327147
0.0,42,scalar_gate_s1p5_p4_tanh_sigma,high,6144,0.06384664905958987
0.0,42,fourier_gate_s1p5_p4_tanh_sigma,low,6144,0.009810808992215425
0.0,42,fourier_gate_s1p5_p4_tanh_sigma,middle,6144,0.046171038943005595
0.0,42,fourier_gate_s1p5_p4_tanh_sigma,high,6144,0.06384664687354973
0.0,42,score,low,6144,0.014597769874313516
0.0,42,score,middle,6144,0.060011749675211175
0.0,42,score,high,6144,0.08666994027094399
0.0,42,scalar_gaussian,low,6144,0.06744123625290639
0.0,42,scalar_gaussian,middle,6144,0.23053713204644732
0.0,42,scalar_gaussian,high,6144,0.12012151072476838
0.0,42,fourier_gaussian,low,6144,0.06744143329309632
0.0,42,fourier_gaussian,middle,6144,0.23053781791487804
0.0,42,fourier_gaussian,high,6144,0.12012172438311419
0.0,42,scalar_normalized,low,6144,0.057652365942729294
0.0,42,scalar_normalized,middle,6144,0.1953736674808988
0.0,42,scalar_normalized,high,6144,0.10396606180008765
0.0,42,fourier_normalized,low,6144,0.057652383586805044
0.0,42,fourier_normalized,middle,6144,0.19537371959268182
0.0,42,fourier_normalized,high,6144,0.10396613563178397
0.0,42,scalar_gate_s1p5_p4,low,6144,0.00968958237601577
0.0,42,scalar_gate_s1p5_p4,middle,6144,0.045533477784703624
0.0,42,scalar_gate_s1p5_p4,high,6144,0.0633122561506357
0.0,42,fourier_gate_s1p5_p4,low,6144,0.00968957903259178
0.0,42,fourier_gate_s1p5_p4,middle,6144,0.045533470315392656
0.0,42,fourier_gate_s1p5_p4,high,6144,0.06331224618141815
0.0,42,scalar_gate_s1p5_p4_plateau_lo0p8_hi1,low,6144,0.014952055972331244
0.0,42,scalar_gate_s1p5_p4_plateau_lo0p8_hi1,middle,6144,0.059874636391604515
0.0,42,scalar_gate_s1p5_p4_plateau_lo0p8_hi1,high,6144,0.10753359749078889
0.0,42,fourier_gate_s1p5_p4_plateau_lo0p8_hi1,low,6144,0.014952054008185606
0.0,42,fourier_gate_s1p5_p4_plateau_lo0p8_hi1,middle,6144,0.05987462298316552
0.0,42,fourier_gate_s1p5_p4_plateau_lo0p8_hi1,high,6144,0.10753358237153772
0.0,42,scalar_gate_s1p5_p4_cap_lo1_hi2_d0p5,low,6144,0.009711318427133008
0.0,42,scalar_gate_s1p5_p4_cap_lo1_hi2_d0p5,middle,6144,0.04501588746610835
0.0,42,scalar_gate_s1p5_p4_cap_lo1_hi2_d0p5,high,6144,0.0678134967613806
0.0,42,fourier_gate_s1p5_p4_cap_lo1_hi2_d0p5,low,6144,0.009711318478685782
0.0,42,fourier_gate_s1p5_p4_cap_lo1_hi2_d0p5,middle,6144,0.04501588427187733
0.0,42,fourier_gate_s1p5_p4_cap_lo1_hi2_d0p5,high,6144,0.06781349514204482
0.0,43,scalar_gate_s1p5_p4_linear_sigma,low,6144,0.010064051035147585
0.0,43,scalar_gate_s1p5_p4_linear_sigma,middle,6144,0.04610769723825139
0.0,43,scalar_gate_s1p5_p4_linear_sigma,high,6144,0.0663616556091539
0.0,43,fourier_gate_s1p5_p4_linear_sigma,low,6144,0.010064051291605064
0.0,43,fourier_gate_s1p5_p4_linear_sigma,middle,6144,0.046107699535175066
0.0,43,fourier_gate_s1p5_p4_linear_sigma,high,6144,0.06636165431477355
0.0,43,scalar_gate_s1p5_p4_tanh_sigma,low,6144,0.00955376764766086
0.0,43,scalar_gate_s1p5_p4_tanh_sigma,middle,6144,0.0463239992112364
0.0,43,scalar_gate_s1p5_p4_tanh_sigma,high,6144,0.06375478672769606
0.0,43,fourier_gate_s1p5_p4_tanh_sigma,low,6144,0.00955376903979669
0.0,43,fourier_gate_s1p5_p4_tanh_sigma,middle,6144,0.04632400473909406
0.0,43,fourier_gate_s1p5_p4_tanh_sigma,high,6144,0.06375479380980716
0.0,43,score,low,6144,0.014575379060705483
0.0,43,score,middle,6144,0.059988256502400604
0.0,43,score,high,6144,0.08737003333334552
0.0,43,scalar_gaussian,low,6144,0.06282622061365734
0.0,43,scalar_gaussian,middle,6144,0.21314389270146164
0.0,43,scalar_gaussian,high,6144,0.11226686082900032
0.0,43,fourier_gaussian,low,6144,0.06282622222978568
0.0,43,fourier_gaussian,middle,6144,0.213143897519505
0.0,43,fourier_gaussian,high,6144,0.11226687230765935
0.0,43,scalar_normalized,low,6144,0.06307326712342487
0.0,43,scalar_normalized,middle,6144,0.21111160401104043
0.0,43,scalar_normalized,high,6144,0.11088142980992409
0.0,43,fourier_normalized,low,6144,0.06307326669891067
0.0,43,fourier_normalized,middle,6144,0.21111160770026885
0.0,43,fourier_normalized,high,6144,0.11088142867677493
0.0,43,scalar_gate_s1p5_p4,low,6144,0.009548892235726464
0.0,43,scalar_gate_s1p5_p4,middle,6144,0.04535751711579559
0.0,43,scalar_gate_s1p5_p4,high,6144,0.06298312227627889
0.0,43,fourier_gate_s1p5_p4,low,6144,0.009548892236764034
0.0,43,fourier_gate_s1p5_p4,middle,6144,0.04535751996688423
0.0,43,fourier_gate_s1p5_p4,high,6144,0.06298312211411462
0.0,43,scalar_gate_s1p5_p4_plateau_lo0p8_hi1,low,6144,0.016112428719886406
0.0,43,scalar_gate_s1p5_p4_plateau_lo0p8_hi1,middle,6144,0.062281281316740655
0.0,43,scalar_gate_s1p5_p4_plateau_lo0p8_hi1,high,6144,0.10650875912059223
0.0,43,fourier_gate_s1p5_p4_plateau_lo0p8_hi1,low,6144,0.016112430334174633
0.0,43,fourier_gate_s1p5_p4_plateau_lo0p8_hi1,middle,6144,0.06228127436809846
0.0,43,fourier_gate_s1p5_p4_plateau_lo0p8_hi1,high,6144,0.10650874701232259
0.0,43,scalar_gate_s1p5_p4_cap_lo1_hi2_d0p5,low,6144,0.009627283677163917
0.0,43,scalar_gate_s1p5_p4_cap_lo1_hi2_d0p5,middle,6144,0.04499888626305439
0.0,43,scalar_gate_s1p5_p4_cap_lo1_hi2_d0p5,high,6144,0.06750827259174282
0.0,43,fourier_gate_s1p5_p4_cap_lo1_hi2_d0p5,low,6144,0.009627285150221614
0.0,43,fourier_gate_s1p5_p4_cap_lo1_hi2_d0p5,middle,6144,0.04499889093080548
0.0,43,fourier_gate_s1p5_p4_cap_lo1_hi2_d0p5,high,6144,0.0675082718607314
0.0,44,scalar_gate_s1p5_p4_linear_sigma,low,6144,0.009559876306415306
0.0,44,scalar_gate_s1p5_p4_linear_sigma,middle,6144,0.044770657412171955
0.0,44,scalar_gate_s1p5_p4_linear_sigma,high,6144,0.06547624489856307
0.0,44,fourier_gate_s1p5_p4_linear_sigma,low,6144,0.009559877326887628
0.0,44,fourier_gate_s1p5_p4_linear_sigma,middle,6144,0.04477066160709021
0.0,44,fourier_gate_s1p5_p4_linear_sigma,high,6144,0.06547624588858231
0.0,44,scalar_gate_s1p5_p4_tanh_sigma,low,6144,0.00963491116790915
0.0,44,scalar_gate_s1p5_p4_tanh_sigma,middle,6144,0.04627128557973891
0.0,44,scalar_gate_s1p5_p4_tanh_sigma,high,6144,0.06358322333247407
0.0,44,fourier_gate_s1p5_p4_tanh_sigma,low,6144,0.009634909041084693
0.0,44,fourier_gate_s1p5_p4_tanh_sigma,middle,6144,0.04627128376905459
0.0,44,fourier_gate_s1p5_p4_tanh_sigma,high,6144,0.06358321913670793
0.0,44,score,low,6144,0.014483326238705074
0.0,44,score,middle,6144,0.059489201223159115
0.0,44,score,high,6144,0.08762193953007895
0.0,44,scalar_gaussian,low,6144,0.06424920568501274
0.0,44,scalar_gaussian,middle,6144,0.21777237563340004
0.0,44,scalar_gaussian,high,6144,0.11626305942642519
0.0,44,fourier_gaussian,low,6144,0.06424976029576825
0.0,44,fourier_gaussian,middle,6144,0.21777373187588092
0.0,44,fourier_gaussian,high,6144,0.11626327138397907
0.0,44,scalar_normalized,low,6144,0.06357536031281258
0.0,44,scalar_normalized,middle,6144,0.2125464175046945
0.0,44,scalar_normalized,high,6144,0.11302025237401674
0.0,44,fourier_normalized,low,6144,0.0635754003511385
0.0,44,fourier_normalized,middle,6144,0.21254652908698804
0.0,44,fourier_normalized,high,6144,0.11302029326119249
0.0,44,scalar_gate_s1p5_p4,low,6144,0.009714766806357725
0.0,44,scalar_gate_s1p5_p4,middle,6144,0.0455182570252869
0.0,44,scalar_gate_s1p5_p4,high,6144,0.06284707471045134
0.0,44,fourier_gate_s1p5_p4,low,6144,0.0097147696032757
0.0,44,fourier_gate_s1p5_p4,middle,6144,0.04551825873122615
0.0,44,fourier_gate_s1p5_p4,high,6144,0.06284708093130219
0.0,44,scalar_gate_s1p5_p4_plateau_lo0p8_hi1,low,6144,0.01599483690353649
0.0,44,scalar_gate_s1p5_p4_plateau_lo0p8_hi1,middle,6144,0.06257398214935421
0.0,44,scalar_gate_s1p5_p4_plateau_lo0p8_hi1,high,6144,0.1062682761731909
0.0,44,fourier_gate_s1p5_p4_plateau_lo0p8_hi1,low,6144,0.01599483729955767
0.0,44,fourier_gate_s1p5_p4_plateau_lo0p8_hi1,middle,6144,0.06257397448470667
0.0,44,fourier_gate_s1p5_p4_plateau_lo0p8_hi1,high,6144,0.10626826173227599
0.0,44,scalar_gate_s1p5_p4_cap_lo1_hi2_d0p5,low,6144,0.009668339160865765
0.0,44,scalar_gate_s1p5_p4_cap_lo1_hi2_d0p5,middle,6144,0.04509283315267811
0.0,44,scalar_gate_s1p5_p4_cap_lo1_hi2_d0p5,high,6144,0.06755769227194382
0.0,44,fourier_gate_s1p5_p4_cap_lo1_hi2_d0p5,low,6144,0.009668341929185689
0.0,44,fourier_gate_s1p5_p4_cap_lo1_hi2_d0p5,middle,6144,0.04509283276142828
0.0,44,fourier_gate_s1p5_p4_cap_lo1_hi2_d0p5,high,6144,0.06755768675810374
0.5,42,scalar_gate_s1p5_p4_linear_sigma,low,6144,0.013652552595561493
0.5,42,scalar_gate_s1p5_p4_linear_sigma,middle,6144,0.049755476896954344
0.5,42,scalar_gate_s1p5_p4_linear_sigma,high,6144,0.06551740416240251
0.5,42,fourier_gate_s1p5_p4_linear_sigma,low,6144,0.014096011397797351
0.5,42,fourier_gate_s1p5_p4_linear_sigma,middle,6144,0.05059277972305348
0.5,42,fourier_gate_s1p5_p4_linear_sigma,high,6144,0.0651053524029775
0.5,42,scalar_gate_s1p5_p4_tanh_sigma,low,6144,0.013393576691700269
0.5,42,scalar_gate_s1p5_p4_tanh_sigma,middle,6144,0.05051563810065148
0.5,42,scalar_gate_s1p5_p4_tanh_sigma,high,6144,0.0637753829003489
0.5,42,fourier_gate_s1p5_p4_tanh_sigma,low,6144,0.014011929972351463
0.5,42,fourier_gate_s1p5_p4_tanh_sigma,middle,6144,0.05156823054199999
0.5,42,fourier_gate_s1p5_p4_tanh_sigma,high,6144,0.06313087878416368
0.5,42,score,low,6144,0.020453164426265536
0.5,42,score,middle,6144,0.06446626500659326
0.5,42,score,high,6144,0.08970950207479217
0.5,42,scalar_gaussian,low,6144,0.043628924989223404
0.5,42,scalar_gaussian,middle,6144,0.1260605648098717
0.5,42,scalar_gaussian,high,6144,0.07779075851388952
0.5,42,fourier_gaussian,low,6144,0.07308421365589694
0.5,42,fourier_gaussian,middle,6144,0.20686543369872634
0.5,42,fourier_gaussian,high,6144,0.09707915587521516
0.5,42,scalar_normalized,low,6144,0.05221638268955358
0.5,42,scalar_normalized,middle,6144,0.14278123615492314
0.5,42,scalar_normalized,high,6144,0.07607292689339064
0.5,42,fourier_normalized,low,6144,0.07155797805159415
0.5,42,fourier_normalized,middle,6144,0.19985184298913417
0.5,42,fourier_normalized,high,6144,0.09422710829125418
0.5,42,scalar_gate_s1p5_p4,low,6144,0.013751570666228417
0.5,42,scalar_gate_s1p5_p4,middle,6144,0.05081893314075018
0.5,42,scalar_gate_s1p5_p4,high,6144,0.0640971334262725
0.5,42,fourier_gate_s1p5_p4,low,6144,0.014188056885372452
0.5,42,fourier_gate_s1p5_p4,middle,6144,0.05095938730803242
0.5,42,fourier_gate_s1p5_p4,high,6144,0.06264512441034406
0.5,42,scalar_gate_s1p5_p4_plateau_lo0p8_hi1,low,6144,0.016660469871644826
0.5,42,scalar_gate_s1p5_p4_plateau_lo0p8_hi1,middle,6144,0.06271863407108334
0.5,42,scalar_gate_s1p5_p4_plateau_lo0p8_hi1,high,6144,0.08608289064307123
0.5,42,fourier_gate_s1p5_p4_plateau_lo0p8_hi1,low,6144,0.016888887175005227
0.5,42,fourier_gate_s1p5_p4_plateau_lo0p8_hi1,middle,6144,0.06293150688186977
0.5,42,fourier_gate_s1p5_p4_plateau_lo0p8_hi1,high,6144,0.09668739090923124
0.5,42,scalar_gate_s1p5_p4_cap_lo1_hi2_d0p5,low,6144,0.013552861856051484
0.5,42,scalar_gate_s1p5_p4_cap_lo1_hi2_d0p5,middle,6144,0.05023654574651091
0.5,42,scalar_gate_s1p5_p4_cap_lo1_hi2_d0p5,high,6144,0.0662604821670698
0.5,42,fourier_gate_s1p5_p4_cap_lo1_hi2_d0p5,low,6144,0.014080992999452225
0.5,42,fourier_gate_s1p5_p4_cap_lo1_hi2_d0p5,middle,6144,0.050661880624429244
0.5,42,fourier_gate_s1p5_p4_cap_lo1_hi2_d0p5,high,6144,0.06650493880024966
0.5,43,scalar_gate_s1p5_p4_linear_sigma,low,6144,0.013359734457937566
0.5,43,scalar_gate_s1p5_p4_linear_sigma,middle,6144,0.04952863449277881
0.5,43,scalar_gate_s1p5_p4_linear_sigma,high,6144,0.06490690821589674
0.5,43,fourier_gate_s1p5_p4_linear_sigma,low,6144,0.013949097750745397
0.5,43,fourier_gate_s1p5_p4_linear_sigma,middle,6144,0.05042362025902045
0.5,43,fourier_gate_s1p5_p4_linear_sigma,high,6144,0.0645880193401362
0.5,43,scalar_gate_s1p5_p4_tanh_sigma,low,6144,0.013236184815166746
0.5,43,scalar_gate_s1p5_p4_tanh_sigma,middle,6144,0.050459616728858125
0.5,43,scalar_gate_s1p5_p4_tanh_sigma,high,6144,0.06314599272833268
0.5,43,fourier_gate_s1p5_p4_tanh_sigma,low,6144,0.013830525163469836
0.5,43,fourier_gate_s1p5_p4_tanh_sigma,middle,6144,0.051380521547463816
0.5,43,fourier_gate_s1p5_p4_tanh_sigma,high,6144,0.062611133690794
0.5,43,score,low,6144,0.02121952866216341
0.5,43,score,middle,6144,0.06588301256790345
0.5,43,score,high,6144,0.09198503898449863
0.5,43,scalar_gaussian,low,6144,0.04565779398941252
0.5,43,scalar_gaussian,middle,6144,0.13140088669517255
0.5,43,scalar_gaussian,high,6144,0.08024318957736853
0.5,43,fourier_gaussian,low,6144,0.07474117121421252
0.5,43,fourier_gaussian,middle,6144,0.21141446280715628
0.5,43,fourier_gaussian,high,6144,0.09781092972961247
0.5,43,scalar_normalized,low,6144,0.053310020098246556
0.5,43,scalar_normalized,middle,6144,0.14583720864093544
0.5,43,scalar_normalized,high,6144,0.07826572515912002
0.5,43,fourier_normalized,low,6144,0.06682626037355179
0.5,43,fourier_normalized,middle,6144,0.1891945992987245
0.5,43,fourier_normalized,high,6144,0.08959413581324804
0.5,43,scalar_gate_s1p5_p4,low,6144,0.013735732804436273
0.5,43,scalar_gate_s1p5_p4,middle,6144,0.05058692044448896
0.5,43,scalar_gate_s1p5_p4,high,6144,0.0631184778667885
0.5,43,fourier_gate_s1p5_p4,low,6144,0.014324469820034463
0.5,43,fourier_gate_s1p5_p4,middle,6144,0.05126091199577274
0.5,43,fourier_gate_s1p5_p4,high,6144,0.0622251233978367
0.5,43,scalar_gate_s1p5_p4_plateau_lo0p8_hi1,low,6144,0.017911646319314082
0.5,43,scalar_gate_s1p5_p4_plateau_lo0p8_hi1,middle,6144,0.06506611579172496
0.5,43,scalar_gate_s1p5_p4_plateau_lo0p8_hi1,high,6144,0.08556826750702035
0.5,43,fourier_gate_s1p5_p4_plateau_lo0p8_hi1,low,6144,0.01757478481122728
0.5,43,fourier_gate_s1p5_p4_plateau_lo0p8_hi1,middle,6144,0.06509489821443777
0.5,43,fourier_gate_s1p5_p4_plateau_lo0p8_hi1,high,6144,0.0968999075562846
0.5,43,scalar_gate_s1p5_p4_cap_lo1_hi2_d0p5,low,6144,0.013214471272969083
0.5,43,scalar_gate_s1p5_p4_cap_lo1_hi2_d0p5,middle,6144,0.0497681036756051
0.5,43,scalar_gate_s1p5_p4_cap_lo1_hi2_d0p5,high,6144,0.06568000596110178
0.5,43,fourier_gate_s1p5_p4_cap_lo1_hi2_d0p5,low,6144,0.014155702882744944
0.5,43,fourier_gate_s1p5_p4_cap_lo1_hi2_d0p5,middle,6144,0.050850616158851995
0.5,43,fourier_gate_s1p5_p4_cap_lo1_hi2_d0p5,high,6144,0.0658481098294159
0.5,44,scalar_gate_s1p5_p4_linear_sigma,low,6144,0.013428603840977141
0.5,44,scalar_gate_s1p5_p4_linear_sigma,middle,6144,0.049891000399613396
0.5,44,scalar_gate_s1p5_p4_linear_sigma,high,6144,0.06526703810127103
0.5,44,fourier_gate_s1p5_p4_linear_sigma,low,6144,0.013423219842446004
0.5,44,fourier_gate_s1p5_p4_linear_sigma,middle,6144,0.04937643252433358
0.5,44,fourier_gate_s1p5_p4_linear_sigma,high,6144,0.06414783646992728
0.5,44,scalar_gate_s1p5_p4_tanh_sigma,low,6144,0.013163533331898574
0.5,44,scalar_gate_s1p5_p4_tanh_sigma,middle,6144,0.05081816158242198
0.5,44,scalar_gate_s1p5_p4_tanh_sigma,high,6144,0.0635655783096781
0.5,44,fourier_gate_s1p5_p4_tanh_sigma,low,6144,0.013450932337017926
0.5,44,fourier_gate_s1p5_p4_tanh_sigma,middle,6144,0.050675323385490294
0.5,44,fourier_gate_s1p5_p4_tanh_sigma,high,6144,0.06231026519967053
0.5,44,score,low,6144,0.02051790538961074
0.5,44,score,middle,6144,0.06424844410007864
0.5,44,score,high,6144,0.09224113404939244
0.5,44,scalar_gaussian,low,6144,0.0477816296138008
0.5,44,scalar_gaussian,middle,6144,0.13759334892691957
0.5,44,scalar_gaussian,high,6144,0.08185003804397757
0.5,44,fourier_gaussian,low,6144,0.07688721155552188
0.5,44,fourier_gaussian,middle,6144,0.21883226281820634
0.5,44,fourier_gaussian,high,6144,0.10180569961154402
0.5,44,scalar_normalized,low,6144,0.054400594652843505
0.5,44,scalar_normalized,middle,6144,0.14977012411915716
0.5,44,scalar_normalized,high,6144,0.07813376582064042
0.5,44,fourier_normalized,low,6144,0.07232128314276033
0.5,44,fourier_normalized,middle,6144,0.20065248696081994
0.5,44,fourier_normalized,high,6144,0.09345243402551899
0.5,44,scalar_gate_s1p5_p4,low,6144,0.01332724186775204
0.5,44,scalar_gate_s1p5_p4,middle,6144,0.050128605594407905
0.5,44,scalar_gate_s1p5_p4,high,6144,0.06299268350925093
0.5,44,fourier_gate_s1p5_p4,low,6144,0.013749325136554464
0.5,44,fourier_gate_s1p5_p4,middle,6144,0.050243859409450975
0.5,44,fourier_gate_s1p5_p4,high,6144,0.06189405475535337
0.5,44,scalar_gate_s1p5_p4_plateau_lo0p8_hi1,low,6144,0.017550968563318725
0.5,44,scalar_gate_s1p5_p4_plateau_lo0p8_hi1,middle,6144,0.06621400601151156
0.5,44,scalar_gate_s1p5_p4_plateau_lo0p8_hi1,high,6144,0.08695408064683091
0.5,44,fourier_gate_s1p5_p4_plateau_lo0p8_hi1,low,6144,0.017578740182601405
0.5,44,fourier_gate_s1p5_p4_plateau_lo0p8_hi1,middle,6144,0.06591730777679632
0.5,44,fourier_gate_s1p5_p4_plateau_lo0p8_hi1,high,6144,0.09646820247929905
0.5,44,scalar_gate_s1p5_p4_cap_lo1_hi2_d0p5,low,6144,0.013030557687111805
0.5,44,scalar_gate_s1p5_p4_cap_lo1_hi2_d0p5,middle,6144,0.04963588103092662
0.5,44,scalar_gate_s1p5_p4_cap_lo1_hi2_d0p5,high,6144,0.06580669623260114
0.5,44,fourier_gate_s1p5_p4_cap_lo1_hi2_d0p5,low,6144,0.013721202288810663
0.5,44,fourier_gate_s1p5_p4_cap_lo1_hi2_d0p5,middle,6144,0.049786022807135955
0.5,44,fourier_gate_s1p5_p4_cap_lo1_hi2_d0p5,high,6144,0.06557556065662297
1.0,42,scalar_gate_s1p5_p4_linear_sigma,low,6144,0.032864069724564675
1.0,42,scalar_gate_s1p5_p4_linear_sigma,middle,6144,0.07148835646257008
1.0,42,scalar_gate_s1p5_p4_linear_sigma,high,6144,0.06807193352237699
1.0,42,fourier_gate_s1p5_p4_linear_sigma,low,6144,0.03164993512984884
1.0,42,fourier_gate_s1p5_p4_linear_sigma,middle,6144,0.07039859115409013
1.0,42,fourier_gate_s1p5_p4_linear_sigma,high,6144,0.06098219303817364
1.0,42,scalar_gate_s1p5_p4_tanh_sigma,low,6144,0.03350759282718198
1.0,42,scalar_gate_s1p5_p4_tanh_sigma,middle,6144,0.0731448902781974
1.0,42,scalar_gate_s1p5_p4_tanh_sigma,high,6144,0.06704580153984578
1.0,42,fourier_gate_s1p5_p4_tanh_sigma,low,6144,0.03250542633175309
1.0,42,fourier_gate_s1p5_p4_tanh_sigma,middle,6144,0.07169860947784477
1.0,42,fourier_gate_s1p5_p4_tanh_sigma,high,6144,0.05997488220821623
1.0,42,score,low,6144,0.04939526275981746
1.0,42,score,middle,6144,0.090301175908295
1.0,42,score,high,6144,0.0943237272048969
1.0,42,scalar_gaussian,low,6144,0.044996827115613904
1.0,42,scalar_gaussian,middle,6144,0.1075574855754949
1.0,42,scalar_gaussian,high,6144,0.07177488085498462
1.0,42,fourier_gaussian,low,6144,0.12145307519766302
1.0,42,fourier_gaussian,middle,6144,0.2073279143889488
1.0,42,fourier_gaussian,high,6144,0.0747097358583424
1.0,42,scalar_normalized,low,6144,0.059287193428534356
1.0,42,scalar_normalized,middle,6144,0.11725144624953769
1.0,42,scalar_normalized,high,6144,0.06493842760191249
1.0,42,fourier_normalized,low,6144,0.07433963592482938
1.0,42,fourier_normalized,middle,6144,0.11963020685637482
1.0,42,fourier_normalized,high,6144,0.04793618314431664
1.0,42,scalar_gate_s1p5_p4,low,6144,0.035286433351409595
1.0,42,scalar_gate_s1p5_p4,middle,6144,0.07376985188830773
1.0,42,scalar_gate_s1p5_p4,high,6144,0.06682156126624673
1.0,42,fourier_gate_s1p5_p4,low,6144,0.03522742041737648
1.0,42,fourier_gate_s1p5_p4,middle,6144,0.07319027765755175
1.0,42,fourier_gate_s1p5_p4,high,6144,0.060363765219241354
1.0,42,scalar_gate_s1p5_p4_plateau_lo0p8_hi1,low,6144,0.04339584022057735
1.0,42,scalar_gate_s1p5_p4_plateau_lo0p8_hi1,middle,6144,0.09906363476337395
1.0,42,scalar_gate_s1p5_p4_plateau_lo0p8_hi1,high,6144,0.07024480479710545
1.0,42,fourier_gate_s1p5_p4_plateau_lo0p8_hi1,low,6144,0.02882601280774715
1.0,42,fourier_gate_s1p5_p4_plateau_lo0p8_hi1,middle,6144,0.0822301484587865
1.0,42,fourier_gate_s1p5_p4_plateau_lo0p8_hi1,high,6144,0.0750830179084499
1.0,42,scalar_gate_s1p5_p4_cap_lo1_hi2_d0p5,low,6144,0.03402773897890452
1.0,42,scalar_gate_s1p5_p4_cap_lo1_hi2_d0p5,middle,6144,0.07393113519594498
1.0,42,scalar_gate_s1p5_p4_cap_lo1_hi2_d0p5,high,6144,0.06761496328388678
1.0,42,fourier_gate_s1p5_p4_cap_lo1_hi2_d0p5,low,6144,0.030633080851389605
1.0,42,fourier_gate_s1p5_p4_cap_lo1_hi2_d0p5,middle,6144,0.07098137001452394
1.0,42,fourier_gate_s1p5_p4_cap_lo1_hi2_d0p5,high,6144,0.058759054088127545
1.0,43,scalar_gate_s1p5_p4_linear_sigma,low,6144,0.033994282265509795
1.0,43,scalar_gate_s1p5_p4_linear_sigma,middle,6144,0.07355122366137856
1.0,43,scalar_gate_s1p5_p4_linear_sigma,high,6144,0.06830946700454436
1.0,43,fourier_gate_s1p5_p4_linear_sigma,low,6144,0.03195137568374674
1.0,43,fourier_gate_s1p5_p4_linear_sigma,middle,6144,0.07119388852219276
1.0,43,fourier_gate_s1p5_p4_linear_sigma,high,6144,0.061377503819247
1.0,43,scalar_gate_s1p5_p4_tanh_sigma,low,6144,0.03440176751012298
1.0,43,scalar_gate_s1p5_p4_tanh_sigma,middle,6144,0.07479370287410919
1.0,43,scalar_gate_s1p5_p4_tanh_sigma,high,6144,0.0676596485303016
1.0,43,fourier_gate_s1p5_p4_tanh_sigma,low,6144,0.03236259081351645
1.0,43,fourier_gate_s1p5_p4_tanh_sigma,middle,6144,0.07123323911273147
1.0,43,fourier_gate_s1p5_p4_tanh_sigma,high,6144,0.05993544854522836
1.0,43,score,low,6144,0.0503527231815906
1.0,43,score,middle,6144,0.09110502757150175
1.0,43,score,high,6144,0.09580012692711583
1.0,43,scalar_gaussian,low,6144,0.042870709051010425
1.0,43,scalar_gaussian,middle,6144,0.10724344839511334
1.0,43,scalar_gaussian,high,6144,0.07216251112206896
1.0,43,fourier_gaussian,low,6144,0.11143293770659361
1.0,43,fourier_gaussian,middle,6144,0.1845484867587627
1.0,43,fourier_gaussian,high,6144,0.06776137364342182
1.0,43,scalar_normalized,low,6144,0.05531390972701983
1.0,43,scalar_normalized,middle,6144,0.11166614903636762
1.0,43,scalar_normalized,high,6144,0.06389761602096784
1.0,43,fourier_normalized,low,6144,0.07920396669394532
1.0,43,fourier_normalized,middle,6144,0.1296051534866029
1.0,43,fourier_normalized,high,6144,0.05028076558285024
1.0,43,scalar_gate_s1p5_p4,low,6144,0.03578868431925678
1.0,43,scalar_gate_s1p5_p4,middle,6144,0.0743285907766734
1.0,43,scalar_gate_s1p5_p4,high,6144,0.06716062438645089
1.0,43,fourier_gate_s1p5_p4,low,6144,0.03453133913578432
1.0,43,fourier_gate_s1p5_p4,middle,6144,0.07228069664755994
1.0,43,fourier_gate_s1p5_p4,high,6144,0.06014777613861683
1.0,43,scalar_gate_s1p5_p4_plateau_lo0p8_hi1,low,6144,0.04030348110986886
1.0,43,scalar_gate_s1p5_p4_plateau_lo0p8_hi1,middle,6144,0.09419910502107039
1.0,43,scalar_gate_s1p5_p4_plateau_lo0p8_hi1,high,6144,0.06992197734237193
1.0,43,fourier_gate_s1p5_p4_plateau_lo0p8_hi1,low,6144,0.02920623411268373
1.0,43,fourier_gate_s1p5_p4_plateau_lo0p8_hi1,middle,6144,0.08325496564051509
1.0,43,fourier_gate_s1p5_p4_plateau_lo0p8_hi1,high,6144,0.07533036788923447
1.0,43,scalar_gate_s1p5_p4_cap_lo1_hi2_d0p5,low,6144,0.03419242413830607
1.0,43,scalar_gate_s1p5_p4_cap_lo1_hi2_d0p5,middle,6144,0.07398817640107284
1.0,43,scalar_gate_s1p5_p4_cap_lo1_hi2_d0p5,high,6144,0.06678880064238885
1.0,43,fourier_gate_s1p5_p4_cap_lo1_hi2_d0p5,low,6144,0.031209562264390173
1.0,43,fourier_gate_s1p5_p4_cap_lo1_hi2_d0p5,middle,6144,0.07148354084229497
1.0,43,fourier_gate_s1p5_p4_cap_lo1_hi2_d0p5,high,6144,0.05885677421318949
1.0,44,scalar_gate_s1p5_p4_linear_sigma,low,6144,0.033208058543035546
1.0,44,scalar_gate_s1p5_p4_linear_sigma,middle,6144,0.07269679582613892
1.0,44,scalar_gate_s1p5_p4_linear_sigma,high,6144,0.06779691349607318
1.0,44,fourier_gate_s1p5_p4_linear_sigma,low,6144,0.030618256580841274
1.0,44,fourier_gate_s1p5_p4_linear_sigma,middle,6144,0.0699192599550804
1.0,44,fourier_gate_s1p5_p4_linear_sigma,high,6144,0.06083283780141924
1.0,44,scalar_gate_s1p5_p4_tanh_sigma,low,6144,0.03304592744794735
1.0,44,scalar_gate_s1p5_p4_tanh_sigma,middle,6144,0.07387685686413946
1.0,44,scalar_gate_s1p5_p4_tanh_sigma,high,6144,0.06694802536808288
1.0,44,fourier_gate_s1p5_p4_tanh_sigma,low,6144,0.03091775020964733
1.0,44,fourier_gate_s1p5_p4_tanh_sigma,middle,6144,0.07050895618558145
1.0,44,fourier_gate_s1p5_p4_tanh_sigma,high,6144,0.059483118841625104
1.0,44,score,low,6144,0.04734124405547255
1.0,44,score,middle,6144,0.08899853399476589
1.0,44,score,high,6144,0.0945683397840437
1.0,44,scalar_gaussian,low,6144,0.04529237348480506
1.0,44,scalar_gaussian,middle,6144,0.1097490676530135
1.0,44,scalar_gaussian,high,6144,0.07261871920564936
1.0,44,fourier_gaussian,low,6144,0.11750093791257536
1.0,44,fourier_gaussian,middle,6144,0.19624943580260798
1.0,44,fourier_gaussian,high,6144,0.07076778477847355
1.0,44,scalar_normalized,low,6144,0.057897782474482816
1.0,44,scalar_normalized,middle,6144,0.11626179868770177
1.0,44,scalar_normalized,high,6144,0.06379526445689888
1.0,44,fourier_normalized,low,6144,0.08085513924545604
1.0,44,fourier_normalized,middle,6144,0.13229697713841046
1.0,44,fourier_normalized,high,6144,0.05172809085537664
1.0,44,scalar_gate_s1p5_p4,low,6144,0.034269629755066255
1.0,44,scalar_gate_s1p5_p4,middle,6144,0.07336904706275947
1.0,44,scalar_gate_s1p5_p4,high,6144,0.06631698949253478
1.0,44,fourier_gate_s1p5_p4,low,6144,0.033243373919835124
1.0,44,fourier_gate_s1p5_p4,middle,6144,0.07163958400301934
1.0,44,fourier_gate_s1p5_p4,high,6144,0.05966657590774405
1.0,44,scalar_gate_s1p5_p4_plateau_lo0p8_hi1,low,6144,0.04089203022870667
1.0,44,scalar_gate_s1p5_p4_plateau_lo0p8_hi1,middle,6144,0.09495881877239053
1.0,44,scalar_gate_s1p5_p4_plateau_lo0p8_hi1,high,6144,0.06956267958596436
1.0,44,fourier_gate_s1p5_p4_plateau_lo0p8_hi1,low,6144,0.0286484290283649
1.0,44,fourier_gate_s1p5_p4_plateau_lo0p8_hi1,middle,6144,0.08260655010609612
1.0,44,fourier_gate_s1p5_p4_plateau_lo0p8_hi1,high,6144,0.07563672941181611
1.0,44,scalar_gate_s1p5_p4_cap_lo1_hi2_d0p5,low,6144,0.03248489606351488
1.0,44,scalar_gate_s1p5_p4_cap_lo1_hi2_d0p5,middle,6144,0.07266115712062003
1.0,44,scalar_gate_s1p5_p4_cap_lo1_hi2_d0p5,high,6144,0.06634982332420684
1.0,44,fourier_gate_s1p5_p4_cap_lo1_hi2_d0p5,low,6144,0.02972459568096113
1.0,44,fourier_gate_s1p5_p4_cap_lo1_hi2_d0p5,middle,6144,0.06994119455249939
1.0,44,fourier_gate_s1p5_p4_cap_lo1_hi2_d0p5,high,6144,0.058775527039728596
