spectrum_lambda,seed,method,steps,score_error,unweighted_score_error,dsm_pixel_mean,gradient_norm_mean,gradient_clip_fraction,test_bank_sha256
0.0,42,scalar_gate_s1p5_p4_linear_sigma,5000,0.040601594305343255,0.15874844011748623,0.5415376030666627,0.24790781869478523,0.0,6ff80b4148c2d3a4f4d2aab73d4ce0a08c441e37c3960e43c374c8b88fd3c0fd
0.0,42,fourier_gate_s1p5_p4_linear_sigma,5000,0.04060158974576103,0.1587484083298106,0.5415375988870053,0.24790782178118825,0.0,6ff80b4148c2d3a4f4d2aab73d4ce0a08c441e37c3960e43c374c8b88fd3c0fd
0.0,42,scalar_gate_s1p5_p4_tanh_sigma,5000,0.03994283363716908,0.15676752330346166,0.5408119360894759,0.25346834195628765,0.0,6ff80b4148c2d3a4f4d2aab73d4ce0a08c441e37c3960e43c374c8b88fd3c0fd
0.0,42,fourier_gate_s1p5_p4_tanh_sigma,5000,0.039942831602923584,0.15676750205486994,0.5408119345440806,0.25346833537518976,0.0,6ff80b4148c2d3a4f4d2aab73d4ce0a08c441e37c3960e43c374c8b88fd3c0fd
0.0,42,score,5000,0.053759819940156224,0.2184666363990121,0.554841577860632,0.44525671850666404,0.0,6ff80b4148c2d3a4f4d2aab73d4ce0a08c441e37c3960e43c374c8b88fd3c0fd
0.0,42,scalar_gaussian,5000,0.13936662634137403,0.9401170232666168,0.6400223845864506,0.0319257296288386,0.0,6ff80b4148c2d3a4f4d2aab73d4ce0a08c441e37c3960e43c374c8b88fd3c0fd
0.0,42,fourier_gaussian,5000,0.13936699186369617,0.9401198473268566,0.6400227510905796,0.03192575275059789,0.0,6ff80b4148c2d3a4f4d2aab73d4ce0a08c441e37c3960e43c374c8b88fd3c0fd
0.0,42,scalar_normalized,5000,0.11899736507457193,0.8046865859100004,0.619957377808221,0.07692612514905632,0.0,6ff80b4148c2d3a4f4d2aab73d4ce0a08c441e37c3960e43c374c8b88fd3c0fd
0.0,42,fourier_normalized,5000,0.11899741293709026,0.8046868764748214,0.61995742348701,0.07692602799721063,0.0,6ff80b4148c2d3a4f4d2aab73d4ce0a08c441e37c3960e43c374c8b88fd3c0fd
0.0,42,scalar_gate_s1p5_p4,5000,0.03951177210378504,0.1543444217264342,0.5404445107075073,0.2686319178339094,0.0,6ff80b4148c2d3a4f4d2aab73d4ce0a08c441e37c3960e43c374c8b88fd3c0fd
0.0,42,fourier_gate_s1p5_p4,5000,0.03951176517646752,0.15434437481654595,0.540444507515494,0.2686318341471255,0.0,6ff80b4148c2d3a4f4d2aab73d4ce0a08c441e37c3960e43c374c8b88fd3c0fd
0.0,42,scalar_gate_s1p5_p4_plateau_lo0p8_hi1,5000,0.06078676328490822,0.23995337209114254,0.561694660433799,0.17726859631091357,0.0,6ff80b4148c2d3a4f4d2aab73d4ce0a08c441e37c3960e43c374c8b88fd3c0fd
0.0,42,fourier_gate_s1p5_p4_plateau_lo0p8_hi1,5000,0.06078675312096296,0.23995334051476216,0.5616946497517666,0.1772685975290835,0.0,6ff80b4148c2d3a4f4d2aab73d4ce0a08c441e37c3960e43c374c8b88fd3c0fd
0.0,42,scalar_gate_s1p5_p4_cap_lo1_hi2_d0p5,5000,0.04084690088487399,0.15627793614244595,0.5418722460028293,0.2458554589368403,0.0,6ff80b4148c2d3a4f4d2aab73d4ce0a08c441e37c3960e43c374c8b88fd3c0fd
0.0,42,fourier_gate_s1p5_p4_cap_lo1_hi2_d0p5,5000,0.04084689929753598,0.15627793738910262,0.5418722473364422,0.245855439145118,0.0,6ff80b4148c2d3a4f4d2aab73d4ce0a08c441e37c3960e43c374c8b88fd3c0fd
0.0,43,scalar_gate_s1p5_p4_linear_sigma,5000,0.04084446796085096,0.1600784351774819,0.5417147063681899,0.24386899386942387,0.0,6ff80b4148c2d3a4f4d2aab73d4ce0a08c441e37c3960e43c374c8b88fd3c0fd
0.0,43,fourier_gate_s1p5_p4_linear_sigma,5000,0.0408444683805179,0.16007843534955807,0.5417147077855183,0.2438689827822149,0.0,6ff80b4148c2d3a4f4d2aab73d4ce0a08c441e37c3960e43c374c8b88fd3c0fd
0.0,43,scalar_gate_s1p5_p4_tanh_sigma,5000,0.03987751786219778,0.1547111824421662,0.5407175292372833,0.25053162959702313,0.0,6ff80b4148c2d3a4f4d2aab73d4ce0a08c441e37c3960e43c374c8b88fd3c0fd
0.0,43,fourier_gate_s1p5_p4_tanh_sigma,5000,0.039877522529565966,0.15471121002352825,0.5407175362257401,0.25053161493390796,0.0,6ff80b4148c2d3a4f4d2aab73d4ce0a08c441e37c3960e43c374c8b88fd3c0fd
0.0,43,score,5000,0.053977889632150534,0.21754297456691998,0.555093504708429,0.44104274478703737,0.0,6ff80b4148c2d3a4f4d2aab73d4ce0a08c441e37c3960e43c374c8b88fd3c0fd
0.0,43,scalar_gaussian,5000,0.12941232471470643,0.8730514073205151,0.6301686427902742,0.03832482497803867,0.0,6ff80b4148c2d3a4f4d2aab73d4ce0a08c441e37c3960e43c374c8b88fd3c0fd
0.0,43,fourier_gaussian,5000,0.12941233068565,0.8730514402944749,0.630168649863975,0.03832480532042682,0.0,6ff80b4148c2d3a4f4d2aab73d4ce0a08c441e37c3960e43c374c8b88fd3c0fd
0.0,43,scalar_normalized,5000,0.1283554336481298,0.8752399695210628,0.6290371957727232,0.07158396186567843,0.0,6ff80b4148c2d3a4f4d2aab73d4ce0a08c441e37c3960e43c374c8b88fd3c0fd
0.0,43,fourier_normalized,5000,0.1283554343586515,0.8752399935546734,0.629037197256532,0.07158395214341581,0.0,6ff80b4148c2d3a4f4d2aab73d4ce0a08c441e37c3960e43c374c8b88fd3c0fd
0.0,43,scalar_gate_s1p5_p4,5000,0.03929651054260031,0.15340602792908875,0.5400448995906619,0.26710505949035285,0.0,6ff80b4148c2d3a4f4d2aab73d4ce0a08c441e37c3960e43c374c8b88fd3c0fd
0.0,43,fourier_gate_s1p5_p4,5000,0.0392965114392543,0.15340602316919127,0.5400449020189427,0.267105028866604,0.0,6ff80b4148c2d3a4f4d2aab73d4ce0a08c441e37c3960e43c374c8b88fd3c0fd
0.0,43,scalar_gate_s1p5_p4_plateau_lo0p8_hi1,5000,0.061634156385739755,0.2596614443069155,0.5627023105973687,0.17711000661216678,0.0,6ff80b4148c2d3a4f4d2aab73d4ce0a08c441e37c3960e43c374c8b88fd3c0fd
0.0,43,fourier_gate_s1p5_p4_plateau_lo0p8_hi1,5000,0.061634150571531904,0.2596614632245017,0.562702308683058,0.17711001134626567,0.0,6ff80b4148c2d3a4f4d2aab73d4ce0a08c441e37c3960e43c374c8b88fd3c0fd
0.0,43,scalar_gate_s1p5_p4_cap_lo1_hi2_d0p5,5000,0.04071148084398704,0.1560443308359625,0.541466962576067,0.24572724486663938,0.0,6ff80b4148c2d3a4f4d2aab73d4ce0a08c441e37c3960e43c374c8b88fd3c0fd
0.0,43,fourier_gate_s1p5_p4_cap_lo1_hi2_d0p5,5000,0.040711482647252835,0.15604435309348563,0.5414669641941483,0.24572723827585577,0.0,6ff80b4148c2d3a4f4d2aab73d4ce0a08c441e37c3960e43c374c8b88fd3c0fd
0.0,44,scalar_gate_s1p5_p4_linear_sigma,5000,0.03993559287238344,0.15232808429677738,0.5406522854309578,0.2475408950511366,0.0,6ff80b4148c2d3a4f4d2aab73d4ce0a08c441e37c3960e43c374c8b88fd3c0fd
0.0,44,fourier_gate_s1p5_p4_linear_sigma,5000,0.039935594940853386,0.15232809997382898,0.540652286155107,0.24754088873267174,0.0,6ff80b4148c2d3a4f4d2aab73d4ce0a08c441e37c3960e43c374c8b88fd3c0fd
0.0,44,scalar_gate_s1p5_p4_tanh_sigma,5000,0.039829806693374034,0.15421831444345713,0.5406766404493717,0.25244391842000186,0.0,6ff80b4148c2d3a4f4d2aab73d4ce0a08c441e37c3960e43c374c8b88fd3c0fd
0.0,44,fourier_gate_s1p5_p4_tanh_sigma,5000,0.0398298039822824,0.15421827354344828,0.5406766381329166,0.25244386215880515,0.0,6ff80b4148c2d3a4f4d2aab73d4ce0a08c441e37c3960e43c374c8b88fd3c0fd
0.0,44,score,5000,0.05386482233064771,0.21637850925318738,0.5548855132398145,0.4383753305915743,0.0,6ff80b4148c2d3a4f4d2aab73d4ce0a08c441e37c3960e43c374c8b88fd3c0fd
0.0,44,scalar_gaussian,5000,0.13276154691494602,0.8951693279205821,0.6338393824588328,0.0359257438108325,0.0,6ff80b4148c2d3a4f4d2aab73d4ce0a08c441e37c3960e43c374c8b88fd3c0fd
0.0,44,fourier_gaussian,5000,0.13276225451854276,0.8951764448630714,0.6338400927040032,0.035925748154893515,0.0,6ff80b4148c2d3a4f4d2aab73d4ce0a08c441e37c3960e43c374c8b88fd3c0fd
0.0,44,scalar_normalized,5000,0.12971401006384128,0.8841829371524955,0.6305819555932025,0.06581401685699821,0.0,6ff80b4148c2d3a4f4d2aab73d4ce0a08c441e37c3960e43c374c8b88fd3c0fd
0.0,44,fourier_normalized,5000,0.12971407423310632,0.8841835000520145,0.6305820205909192,0.06581401328742505,0.0,6ff80b4148c2d3a4f4d2aab73d4ce0a08c441e37c3960e43c374c8b88fd3c0fd
0.0,44,scalar_gate_s1p5_p4,5000,0.03936003284736532,0.15360291635215748,0.5403067975702868,0.26458442910760643,0.0,6ff80b4148c2d3a4f4d2aab73d4ce0a08c441e37c3960e43c374c8b88fd3c0fd
0.0,44,fourier_gate_s1p5_p4,5000,0.03936003642193468,0.15360297331435746,0.5403068019258414,0.2645844046045095,0.0,6ff80b4148c2d3a4f4d2aab73d4ce0a08c441e37c3960e43c374c8b88fd3c0fd
0.0,44,scalar_gate_s1p5_p4_plateau_lo0p8_hi1,5000,0.061612365075360526,0.2576039392203541,0.5623934996639043,0.17698558219745755,0.0,6ff80b4148c2d3a4f4d2aab73d4ce0a08c441e37c3960e43c374c8b88fd3c0fd
0.0,44,fourier_gate_s1p5_p4_plateau_lo0p8_hi1,5000,0.061612357838846776,0.25760394274876464,0.5623934906355927,0.17698559323698282,0.0,6ff80b4148c2d3a4f4d2aab73d4ce0a08c441e37c3960e43c374c8b88fd3c0fd
0.0,44,scalar_gate_s1p5_p4_cap_lo1_hi2_d0p5,5000,0.040772954861829226,0.15529101891402128,0.54167856230992,0.24315276799425484,0.0,6ff80b4148c2d3a4f4d2aab73d4ce0a08c441e37c3960e43c374c8b88fd3c0fd
0.0,44,fourier_gate_s1p5_p4_cap_lo1_hi2_d0p5,5000,0.04077295381623924,0.1552910525314178,0.5416785619144335,0.24315277118608355,0.0,6ff80b4148c2d3a4f4d2aab73d4ce0a08c441e37c3960e43c374c8b88fd3c0fd
0.5,42,scalar_gate_s1p5_p4_linear_sigma,5000,0.04297514455163944,0.20218652597810974,0.5233012254442958,0.2560974175285548,0.0,e8db6dd3970cb71e3c6f309cf983e1619e03706abdcf1d5a8bba78ae156d863b
0.5,42,fourier_gate_s1p5_p4_linear_sigma,5000,0.04326471450794278,0.20726441569825593,0.5236345801048492,0.25503445935584607,0.0,e8db6dd3970cb71e3c6f309cf983e1619e03706abdcf1d5a8bba78ae156d863b
0.5,42,scalar_gate_s1p5_p4_tanh_sigma,5000,0.04256153256423355,0.20024356920961722,0.5228757941469594,0.26182900936454534,0.0,e8db6dd3970cb71e3c6f309cf983e1619e03706abdcf1d5a8bba78ae156d863b
0.5,42,fourier_gate_s1p5_p4_tanh_sigma,5000,0.04290367976617171,0.2072603400541672,0.5232232298949806,0.26099610390998423,0.0,e8db6dd3970cb71e3c6f309cf983e1619e03706abdcf1d5a8bba78ae156d863b
0.5,42,score,5000,0.058209643835883645,0.2899563714428184,0.5387565827575936,0.4562077969424427,0.0,e8db6dd3970cb71e3c6f309cf983e1619e03706abdcf1d5a8bba78ae156d863b
0.5,42,scalar_gaussian,5000,0.0824934161043282,0.5985408933315088,0.5626919183886161,0.09057257791161537,0.0,e8db6dd3970cb71e3c6f309cf983e1619e03706abdcf1d5a8bba78ae156d863b
0.5,42,fourier_gaussian,5000,0.1256762677432795,0.9832915324817111,0.6060748144426693,0.03814882893413305,0.0,e8db6dd3970cb71e3c6f309cf983e1619e03706abdcf1d5a8bba78ae156d863b
0.5,42,scalar_normalized,5000,0.0903568485792891,0.7074250792573826,0.5705086835883344,0.14438177500404417,0.0,e8db6dd3970cb71e3c6f309cf983e1619e03706abdcf1d5a8bba78ae156d863b
0.5,42,fourier_normalized,5000,0.12187897644399416,0.9613316796723738,0.6021178653125739,0.0706086407624185,0.0,e8db6dd3970cb71e3c6f309cf983e1619e03706abdcf1d5a8bba78ae156d863b
0.5,42,scalar_gate_s1p5_p4,5000,0.042889212411083705,0.20401140594547945,0.5231892868124488,0.2755348287753761,0.0,e8db6dd3970cb71e3c6f309cf983e1619e03706abdcf1d5a8bba78ae156d863b
0.5,42,fourier_gate_s1p5_p4,5000,0.042597522867916314,0.20850126810840383,0.5229301167310747,0.2769074486527592,0.0,e8db6dd3970cb71e3c6f309cf983e1619e03706abdcf1d5a8bba78ae156d863b
0.5,42,scalar_gate_s1p5_p4_plateau_lo0p8_hi1,5000,0.055153998195266465,0.25666148102101727,0.5354427577637775,0.20682370122373103,0.0,e8db6dd3970cb71e3c6f309cf983e1619e03706abdcf1d5a8bba78ae156d863b
0.5,42,fourier_gate_s1p5_p4_plateau_lo0p8_hi1,5000,0.05883592832203541,0.26390914989265357,0.5395722072680069,0.18193695432320237,0.0,e8db6dd3970cb71e3c6f309cf983e1619e03706abdcf1d5a8bba78ae156d863b
0.5,42,scalar_gate_s1p5_p4_cap_lo1_hi2_d0p5,5000,0.04334996325654407,0.20376634501593988,0.5236745183662928,0.25667656205520034,0.0,e8db6dd3970cb71e3c6f309cf983e1619e03706abdcf1d5a8bba78ae156d863b
0.5,42,fourier_gate_s1p5_p4_cap_lo1_hi2_d0p5,5000,0.04374927080804371,0.20962676725005172,0.5241142875929856,0.25172122215777637,0.0,e8db6dd3970cb71e3c6f309cf983e1619e03706abdcf1d5a8bba78ae156d863b
0.5,43,scalar_gate_s1p5_p4_linear_sigma,5000,0.042598425722204375,0.1986728323788086,0.5229878327838878,0.25995313018374144,0.0,e8db6dd3970cb71e3c6f309cf983e1619e03706abdcf1d5a8bba78ae156d863b
0.5,43,fourier_gate_s1p5_p4_linear_sigma,5000,0.04298691244996735,0.20627212614475143,0.5234676781066919,0.2553014580298215,0.0,e8db6dd3970cb71e3c6f309cf983e1619e03706abdcf1d5a8bba78ae156d863b
0.5,43,scalar_gate_s1p5_p4_tanh_sigma,5000,0.042280598090785854,0.1981567952137763,0.5228506831315348,0.26480776084885,0.0,e8db6dd3970cb71e3c6f309cf983e1619e03706abdcf1d5a8bba78ae156d863b
0.5,43,fourier_gate_s1p5_p4_tanh_sigma,5000,0.042607393467242544,0.2056444365936264,0.523102968883621,0.2661813029244542,0.0,e8db6dd3970cb71e3c6f309cf983e1619e03706abdcf1d5a8bba78ae156d863b
0.5,43,score,5000,0.05969586007152182,0.3002428193699505,0.5402752127843631,0.4513743398994207,0.0,e8db6dd3970cb71e3c6f309cf983e1619e03706abdcf1d5a8bba78ae156d863b
0.5,43,scalar_gaussian,5000,0.08576729008731787,0.6254478260709073,0.5661214103926441,0.0867360148344189,0.0,e8db6dd3970cb71e3c6f309cf983e1619e03706abdcf1d5a8bba78ae156d863b
0.5,43,fourier_gaussian,5000,0.1279888545836604,1.0049834475228852,0.6084306327122019,0.0364922624707222,0.0,e8db6dd3970cb71e3c6f309cf983e1619e03706abdcf1d5a8bba78ae156d863b
0.5,43,scalar_normalized,5000,0.09247098463276734,0.7242887318976244,0.5728207717660622,0.14004160055629908,0.0,e8db6dd3970cb71e3c6f309cf983e1619e03706abdcf1d5a8bba78ae156d863b
0.5,43,fourier_normalized,5000,0.11520499849517478,0.9030886643455703,0.5953144635317129,0.078900501877442,0.0,e8db6dd3970cb71e3c6f309cf983e1619e03706abdcf1d5a8bba78ae156d863b
0.5,43,scalar_gate_s1p5_p4,5000,0.04248037703857124,0.20343683981931762,0.5230450287272094,0.27893446861989796,0.0,e8db6dd3970cb71e3c6f309cf983e1619e03706abdcf1d5a8bba78ae156d863b
0.5,43,fourier_gate_s1p5_p4,5000,0.04260350173788131,0.2100610510548353,0.5230840435765781,0.28212204038724303,0.0,e8db6dd3970cb71e3c6f309cf983e1619e03706abdcf1d5a8bba78ae156d863b
0.5,43,scalar_gate_s1p5_p4_plateau_lo0p8_hi1,5000,0.05618200987268646,0.27278999122019476,0.5367327403641577,0.20772144348621369,0.0,e8db6dd3970cb71e3c6f309cf983e1619e03706abdcf1d5a8bba78ae156d863b
0.5,43,fourier_gate_s1p5_p4_plateau_lo0p8_hi1,5000,0.059856530193983216,0.2731219297501732,0.5401722182095646,0.18324140267446637,0.0,e8db6dd3970cb71e3c6f309cf983e1619e03706abdcf1d5a8bba78ae156d863b
0.5,43,scalar_gate_s1p5_p4_cap_lo1_hi2_d0p5,5000,0.04288752696989198,0.19881893154968905,0.5234311599330317,0.25833971394486727,0.0,e8db6dd3970cb71e3c6f309cf983e1619e03706abdcf1d5a8bba78ae156d863b
0.5,43,fourier_gate_s1p5_p4_cap_lo1_hi2_d0p5,5000,0.043618142957004266,0.21087954492813543,0.5240426483479124,0.25453921080939473,0.0,e8db6dd3970cb71e3c6f309cf983e1619e03706abdcf1d5a8bba78ae156d863b
0.5,44,scalar_gate_s1p5_p4_linear_sigma,5000,0.04286221411395386,0.20008534720860197,0.5234934089271817,0.25536556148976086,0.0,e8db6dd3970cb71e3c6f309cf983e1619e03706abdcf1d5a8bba78ae156d863b
0.5,44,fourier_gate_s1p5_p4_linear_sigma,5000,0.04231582961223563,0.19953159640836407,0.5226708162557608,0.2572174400474876,0.0,e8db6dd3970cb71e3c6f309cf983e1619e03706abdcf1d5a8bba78ae156d863b
0.5,44,scalar_gate_s1p5_p4_tanh_sigma,5000,0.04251575774133289,0.19750497617915394,0.5229838020598246,0.25867805822193624,0.0,e8db6dd3970cb71e3c6f309cf983e1619e03706abdcf1d5a8bba78ae156d863b
0.5,44,fourier_gate_s1p5_p4_tanh_sigma,5000,0.04214550697405958,0.20094405615459096,0.5225440687846722,0.26169542726799844,0.0,e8db6dd3970cb71e3c6f309cf983e1619e03706abdcf1d5a8bba78ae156d863b
0.5,44,score,5000,0.05900249451302727,0.2904838397554788,0.5393658523182033,0.44458394169174137,0.0,e8db6dd3970cb71e3c6f309cf983e1619e03706abdcf1d5a8bba78ae156d863b
0.5,44,scalar_gaussian,5000,0.08907500552823265,0.653787951241511,0.5692171613725415,0.08364625063464046,0.0,e8db6dd3970cb71e3c6f309cf983e1619e03706abdcf1d5a8bba78ae156d863b
0.5,44,fourier_gaussian,5000,0.13250839132842407,1.0363225898220563,0.6128552913014698,0.034519346195086835,0.0,e8db6dd3970cb71e3c6f309cf983e1619e03706abdcf1d5a8bba78ae156d863b
0.5,44,scalar_normalized,5000,0.0941014948642137,0.7372904794457311,0.5743165364130276,0.1396764502365142,0.0,e8db6dd3970cb71e3c6f309cf983e1619e03706abdcf1d5a8bba78ae156d863b
0.5,44,fourier_normalized,5000,0.12214206804303308,0.9707752636656412,0.602613641917332,0.07643026588074862,0.0,e8db6dd3970cb71e3c6f309cf983e1619e03706abdcf1d5a8bba78ae156d863b
0.5,44,scalar_gate_s1p5_p4,5000,0.042149510323803624,0.19775657176724673,0.5225150518228018,0.2750577217619866,0.0,e8db6dd3970cb71e3c6f309cf983e1619e03706abdcf1d5a8bba78ae156d863b
0.5,44,fourier_gate_s1p5_p4,5000,0.04196241310045293,0.20248756636081272,0.5223448908055249,0.276260268015787,0.0,e8db6dd3970cb71e3c6f309cf983e1619e03706abdcf1d5a8bba78ae156d863b
0.5,44,scalar_gate_s1p5_p4_plateau_lo0p8_hi1,5000,0.05690635174055373,0.2710737668567151,0.5372455824851664,0.20551703933142126,0.0,e8db6dd3970cb71e3c6f309cf983e1619e03706abdcf1d5a8bba78ae156d863b
0.5,44,fourier_gate_s1p5_p4_plateau_lo0p8_hi1,5000,0.059988083479565586,0.2754366149745733,0.5401565711582674,0.1817701727580279,0.0,e8db6dd3970cb71e3c6f309cf983e1619e03706abdcf1d5a8bba78ae156d863b
0.5,44,scalar_gate_s1p5_p4_cap_lo1_hi2_d0p5,5000,0.042824378316879866,0.1972811626211281,0.5232886815113401,0.2536031493157148,0.0,e8db6dd3970cb71e3c6f309cf983e1619e03706abdcf1d5a8bba78ae156d863b
0.5,44,fourier_gate_s1p5_p4_cap_lo1_hi2_d0p5,5000,0.04302759525085654,0.2051627165814619,0.523536457111229,0.25241334010511635,0.0,e8db6dd3970cb71e3c6f309cf983e1619e03706abdcf1d5a8bba78ae156d863b
1.0,42,scalar_gate_s1p5_p4_linear_sigma,5000,0.057474786569837254,0.45916226170059793,0.4711453032947533,0.28804559749886394,0.0,63fc33368b83979e08508d6257ca77c8db3da0ea0aa25177ace757ae15b689d5
1.0,42,fourier_gate_s1p5_p4_linear_sigma,5000,0.05434357310737086,0.44310993712972396,0.4681322072136326,0.2835421798199415,0.0,63fc33368b83979e08508d6257ca77c8db3da0ea0aa25177ace757ae15b689d5
1.0,42,scalar_gate_s1p5_p4_tanh_sigma,5000,0.05789942821507505,0.4687880806060607,0.4715874746772786,0.28840766289941966,0.0,63fc33368b83979e08508d6257ca77c8db3da0ea0aa25177ace757ae15b689d5
1.0,42,fourier_gate_s1p5_p4_tanh_sigma,5000,0.05472630600593802,0.4548440919811257,0.46852200527019494,0.2949270675987005,0.0,63fc33368b83979e08508d6257ca77c8db3da0ea0aa25177ace757ae15b689d5
1.0,42,score,5000,0.07800672195766979,0.6777478199785245,0.49168363394303977,0.4909241996001452,0.0,63fc33368b83979e08508d6257ca77c8db3da0ea0aa25177ace757ae15b689d5
1.0,42,scalar_gaussian,5000,0.0747763978486978,0.6258574224905884,0.48850720129965236,0.1336891015227884,0.0,63fc33368b83979e08508d6257ca77c8db3da0ea0aa25177ace757ae15b689d5
1.0,42,fourier_gaussian,5000,0.1344969084816514,1.5612813477727165,0.5483201837891136,0.027027885522507133,0.0,63fc33368b83979e08508d6257ca77c8db3da0ea0aa25177ace757ae15b689d5
1.0,42,scalar_normalized,5000,0.08049235575999485,0.802104267841999,0.4943824318897798,0.20219091011062265,0.0,63fc33368b83979e08508d6257ca77c8db3da0ea0aa25177ace757ae15b689d5
1.0,42,fourier_normalized,5000,0.08063534197517362,0.9682036506685994,0.49429224535151167,0.11343523357063531,0.0,63fc33368b83979e08508d6257ca77c8db3da0ea0aa25177ace757ae15b689d5
1.0,42,scalar_gate_s1p5_p4,5000,0.058625948835321365,0.49171056193628626,0.4722510056723477,0.3000525168530643,0.0,63fc33368b83979e08508d6257ca77c8db3da0ea0aa25177ace757ae15b689d5
1.0,42,fourier_gate_s1p5_p4,5000,0.05626048776472318,0.49094278426034976,0.46998106728473044,0.31736539062932134,0.0,63fc33368b83979e08508d6257ca77c8db3da0ea0aa25177ace757ae15b689d5
1.0,42,scalar_gate_s1p5_p4_plateau_lo0p8_hi1,5000,0.07090142659368558,0.6088693080593359,0.48454894883114097,0.2579641346111894,0.0,63fc33368b83979e08508d6257ca77c8db3da0ea0aa25177ace757ae15b689d5
1.0,42,fourier_gate_s1p5_p4_plateau_lo0p8_hi1,5000,0.062046393058327855,0.42532092273101163,0.47567303364430874,0.19578441604673863,0.0,63fc33368b83979e08508d6257ca77c8db3da0ea0aa25177ace757ae15b689d5
1.0,42,scalar_gate_s1p5_p4_cap_lo1_hi2_d0p5,5000,0.05852461248624542,0.4781343123327463,0.47235700698335165,0.28811707137711345,0.0,63fc33368b83979e08508d6257ca77c8db3da0ea0aa25177ace757ae15b689d5
1.0,42,fourier_gate_s1p5_p4_cap_lo1_hi2_d0p5,5000,0.05345783498468036,0.4345255264705288,0.46709057078427524,0.27903907861374316,0.0,63fc33368b83979e08508d6257ca77c8db3da0ea0aa25177ace757ae15b689d5
1.0,43,scalar_gate_s1p5_p4_linear_sigma,5000,0.05861832431047758,0.4743710897134712,0.4722375372435873,0.28976676186434924,0.0,63fc33368b83979e08508d6257ca77c8db3da0ea0aa25177ace757ae15b689d5
1.0,43,fourier_gate_s1p5_p4_linear_sigma,5000,0.054840922675062166,0.4464249521981991,0.4685223417085839,0.2773859829828143,0.0,63fc33368b83979e08508d6257ca77c8db3da0ea0aa25177ace757ae15b689d5
1.0,43,scalar_gate_s1p5_p4_tanh_sigma,5000,0.05895170630484459,0.4802674412031597,0.472502496524465,0.2921367591124028,0.0,63fc33368b83979e08508d6257ca77c8db3da0ea0aa25177ace757ae15b689d5
1.0,43,fourier_gate_s1p5_p4_tanh_sigma,5000,0.05451042615715876,0.45344974552365297,0.468137523335699,0.2920879679393023,0.0,63fc33368b83979e08508d6257ca77c8db3da0ea0aa25177ace757ae15b689d5
1.0,43,score,5000,0.07908595922673606,0.6878833850948657,0.49266074726771664,0.4787121650274843,0.0,63fc33368b83979e08508d6257ca77c8db3da0ea0aa25177ace757ae15b689d5
1.0,43,scalar_gaussian,5000,0.07409222285606423,0.6030994705892154,0.48798878183199057,0.13211155274398625,0.0,63fc33368b83979e08508d6257ca77c8db3da0ea0aa25177ace757ae15b689d5
1.0,43,fourier_gaussian,5000,0.1212475993695927,1.435315561915985,0.5347423010518199,0.03295206101797521,0.0,63fc33368b83979e08508d6257ca77c8db3da0ea0aa25177ace757ae15b689d5
1.0,43,scalar_normalized,5000,0.07695922492811844,0.757200934453728,0.4910248686132448,0.20184199885241688,0.0,63fc33368b83979e08508d6257ca77c8db3da0ea0aa25177ace757ae15b689d5
1.0,43,fourier_normalized,5000,0.08636329525446615,1.0300438814882014,0.49989183239059454,0.11367406191676856,0.0,63fc33368b83979e08508d6257ca77c8db3da0ea0aa25177ace757ae15b689d5
1.0,43,scalar_gate_s1p5_p4,5000,0.05909263316079369,0.4969596706026818,0.47260682325919834,0.3026180388264358,0.0,63fc33368b83979e08508d6257ca77c8db3da0ea0aa25177ace757ae15b689d5
1.0,43,fourier_gate_s1p5_p4,5000,0.0556532706406537,0.48002740079144196,0.46932259646648194,0.31685714891403916,0.0,63fc33368b83979e08508d6257ca77c8db3da0ea0aa25177ace757ae15b689d5
1.0,43,scalar_gate_s1p5_p4_plateau_lo0p8_hi1,5000,0.0681415211577704,0.572219490560579,0.48198836168505543,0.2620001773685217,0.0,63fc33368b83979e08508d6257ca77c8db3da0ea0aa25177ace757ae15b689d5
1.0,43,fourier_gate_s1p5_p4_plateau_lo0p8_hi1,5000,0.06259718921414444,0.4293356172484647,0.4760535878151609,0.1959301828958094,0.0,63fc33368b83979e08508d6257ca77c8db3da0ea0aa25177ace757ae15b689d5
1.0,43,scalar_gate_s1p5_p4_cap_lo1_hi2_d0p5,5000,0.05832313372725592,0.47933073273324694,0.47184730966681077,0.2898188028503209,0.0,63fc33368b83979e08508d6257ca77c8db3da0ea0aa25177ace757ae15b689d5
1.0,43,fourier_gate_s1p5_p4_cap_lo1_hi2_d0p5,5000,0.05384995910662488,0.44258613615434084,0.4675170944566001,0.2764112800028175,0.0,63fc33368b83979e08508d6257ca77c8db3da0ea0aa25177ace757ae15b689d5
1.0,44,scalar_gate_s1p5_p4_linear_sigma,5000,0.05790058928841588,0.46448362604206683,0.4714723785777376,0.28333217591829596,0.0,63fc33368b83979e08508d6257ca77c8db3da0ea0aa25177ace757ae15b689d5
1.0,44,fourier_gate_s1p5_p4_linear_sigma,5000,0.053790118112446966,0.429719334458156,0.4673832335990473,0.2828657741788775,0.0,63fc33368b83979e08508d6257ca77c8db3da0ea0aa25177ace757ae15b689d5
1.0,44,scalar_gate_s1p5_p4_tanh_sigma,5000,0.05795693656005655,0.46336760532965204,0.47157268488402326,0.28521302039586005,0.0,63fc33368b83979e08508d6257ca77c8db3da0ea0aa25177ace757ae15b689d5
1.0,44,fourier_gate_s1p5_p4_tanh_sigma,5000,0.05363660841228463,0.43549919295392414,0.46724003440497186,0.29345377975590525,0.0,63fc33368b83979e08508d6257ca77c8db3da0ea0aa25177ace757ae15b689d5
1.0,44,score,5000,0.07696937261142739,0.6513820669544333,0.4907371649534822,0.47917527918703856,0.0,63fc33368b83979e08508d6257ca77c8db3da0ea0aa25177ace757ae15b689d5
1.0,44,scalar_gaussian,5000,0.07588672011448931,0.6308968628675647,0.48974720120658055,0.1322388977959752,0.0,63fc33368b83979e08508d6257ca77c8db3da0ea0aa25177ace757ae15b689d5
1.0,44,fourier_gaussian,5000,0.1281727194978856,1.5127285284460443,0.5419731900184167,0.03006747475694865,0.0,63fc33368b83979e08508d6257ca77c8db3da0ea0aa25177ace757ae15b689d5
1.0,44,scalar_normalized,5000,0.07931828187302783,0.7894462533267842,0.49311153993036366,0.2030769009180367,0.0,63fc33368b83979e08508d6257ca77c8db3da0ea0aa25177ace757ae15b689d5
1.0,44,fourier_normalized,5000,0.08829340241308103,1.0482285008466006,0.5021908454850463,0.11207888517864048,0.0,63fc33368b83979e08508d6257ca77c8db3da0ea0aa25177ace757ae15b689d5
1.0,44,scalar_gate_s1p5_p4,5000,0.057985222103453506,0.47812993716509666,0.47166957039962437,0.30010693647451697,0.0,63fc33368b83979e08508d6257ca77c8db3da0ea0aa25177ace757ae15b689d5
1.0,44,fourier_gate_s1p5_p4,5000,0.05484984461019951,0.46474303774549924,0.4684293448173393,0.3168490675304085,0.0,63fc33368b83979e08508d6257ca77c8db3da0ea0aa25177ace757ae15b689d5
1.0,44,scalar_gate_s1p5_p4_plateau_lo0p8_hi1,5000,0.06847117619568718,0.5773095134275037,0.4822456680018634,0.2573710232760757,0.0,63fc33368b83979e08508d6257ca77c8db3da0ea0aa25177ace757ae15b689d5
1.0,44,fourier_gate_s1p5_p4_plateau_lo0p8_hi1,5000,0.06229723618209239,0.42189037582002353,0.4759549194081869,0.19615454068668187,0.0,63fc33368b83979e08508d6257ca77c8db3da0ea0aa25177ace757ae15b689d5
1.0,44,scalar_gate_s1p5_p4_cap_lo1_hi2_d0p5,5000,0.05716529216944724,0.45739385771352153,0.4708697617134086,0.28427975438199937,0.0,63fc33368b83979e08508d6257ca77c8db3da0ea0aa25177ace757ae15b689d5
1.0,44,fourier_gate_s1p5_p4_cap_lo1_hi2_d0p5,5000,0.052813772424396374,0.42336272663396185,0.46618925747407136,0.27924502431824805,0.0,63fc33368b83979e08508d6257ca77c8db3da0ea0aa25177ace757ae15b689d5
